"wave","Esun_","Esky_"
400,391.08313,495.79348
401,367.46808,462.87909
402,398.74321,498.30201
403,373.93095,463.6013
404,408.3434,502.28497
405,365.3786,445.90427
406,361.23814,437.51773
407,375.12422,450.9129
408,385.82986,460.21949
409,427.10062,505.64976
410,350.66958,412.07069
411,409.0073,477.07371
412,432.45269,500.75821
413,414.08791,475.95375
414,427.72826,488.08672
415,428.43668,485.39933
416,421.31548,473.95332
417,423.42211,472.94247
418,415.95518,461.35729
419,425.61495,468.75431
420,402.23041,439.95097
421,458.83539,498.45137
422,449.16906,484.61328
423,391.41715,419.43795
424,426.18033,453.62801
425,438.55544,463.69524
426,416.41341,437.39431
427,411.61447,429.50489
428,427.05599,442.71463
429,405.6459,417.81829
430,329.69991,337.39351
431,309.53139,314.72397
432,481.78487,486.79797
433,437.28188,439.06351
434,397.95226,397.04153
435,458.20207,454.2922
436,485.82762,478.75578
437,497.11467,486.9069
438,445.76635,433.96711
439,438.60284,424.34993
440,486.97338,468.27381
441,482.92676,461.60008
442,506.86252,481.44555
443,521.86331,492.19225
444,513.00594,481.43977
445,540.344,504.03304
446,474.37926,439.93184
447,530.47584,489.38791
448,542.53087,497.72024
449,554.38214,505.77772
450,551.51391,500.44957
451,593.38613,535.49228
452,566.53805,508.45886
453,522.24643,466.11442
454,557.97096,495.28939
455,550.11802,485.66585
456,573.91564,503.9296
457,575.9297,502.99744
458,575.90566,500.28645
459,564.50112,487.76759
460,563.59014,484.39516
461,586.18132,501.16732
462,593.37303,504.67725
463,599.41449,507.15375
464,583.88704,491.42731
465,574.24259,480.88155
466,594.62133,495.42998
467,557.43049,462.00734
468,586.76893,483.79798
469,596.6237,489.33669
470,574.54681,468.68809
471,582.55597,472.84584
472,606.95565,490.13736
473,591.52724,475.19872
474,602.71689,481.6627
475,616.77487,490.21538
476,595.3204,470.54212
477,589.0683,463.14399
478,627.35064,491.00458
479,604.06118,470.8425
480,627.0404,486.80473
481,612.06827,473.26692
482,630.28671,485.3273
483,616.91241,472.99198
484,605.9014,462.49834
485,612.24017,465.0995
486,481.31468,364.10658
487,543.34524,409.20093
488,603.18459,452.25209
489,565.99467,422.48021
490,638.28538,474.44325
491,615.7508,455.73938
492,582.46805,429.28243
493,620.4605,455.35868
494,600.73726,439.03261
495,641.37295,466.76947
496,612.67886,444.07523
497,624.34985,450.70947
498,611.73804,439.84412
499,609.23566,436.27878
500,610.1022,435.14466
501,586.25235,416.43817
502,573.91479,405.76296
503,618.37772,435.12203
504,571.42214,398.38743
505,614.95448,429.45622
506,648.80113,451.01323
507,609.62823,422.06982
508,596.66829,412.0317
509,637.12525,438.61561
510,617.6191,423.89557
511,617.36623,422.66153
512,645.55611,440.55815
513,605.55828,411.91332
514,589.26086,399.47701
515,610.9084,412.73805
516,622.45186,419.12214
517,485.69911,325.94228
518,593.11755,396.69281
519,556.00659,370.61406
520,621.7963,412.8539
521,604.66138,400.35623
522,628.08049,414.44002
523,580.75998,381.8659
524,639.79939,419.05811
525,632.0331,412.49524
526,628.08623,408.60845
527,539.50861,349.54062
528,622.15238,401.80673
529,647.73452,416.7514
530,619.23732,396.94965
531,662.41424,423.07869
532,645.66308,410.88907
533,584.1994,370.41537
534,633.42682,400.1932
535,635.21576,399.88314
536,662.22721,415.40483
537,608.584,380.34885
538,644.90085,401.5503
539,634.75047,393.71178
540,627.35409,387.49257
541,593.87651,364.92929
542,637.74901,390.38316
543,619.59899,378.45059
544,642.90585,390.77821
545,635.1761,384.98983
546,625.54,377.40863
547,647.43477,389.66051
548,611.82069,367.13199
549,649.75518,388.61014
550,636.95136,379.51152
551,633.03566,376.09407
552,651.55483,385.22278
553,630.02331,370.96836
554,644.07665,377.6955
555,654.726,382.35767
556,641.40809,372.99482
557,615.78821,356.59111
558,641.90377,370.13209
559,605.53231,347.6527
560,603.31741,344.85891
561,658.83527,374.9682
562,617.53291,349.92294
563,633.20528,357.23175
564,623.95036,350.47586
565,638.11539,356.84085
566,602.89048,335.65549
567,636.28884,352.57997
568,629.51088,346.83071
569,613.93149,335.5222
570,620.97228,338.28858
571,594.8341,323.33645
572,630.67228,340.63325
573,634.82219,341.53431
574,637.03392,341.35802
575,625.85237,333.83701
576,614.3066,326.52638
577,638.21197,337.91243
578,621.346,328.02725
579,618.36109,325.52468
580,638.79853,335.28161
581,633.79254,331.70975
582,641.14348,334.54109
583,649.85476,338.04306
584,648.396,336.11116
585,645.27068,333.33747
586,619.17203,318.54857
587,642.96785,329.12257
588,632.48291,320.19986
589,547.47747,273.31645
590,567.7572,282.71591
591,616.38189,307.19967
592,602.04719,298.64867
593,611.7185,303.58696
594,613.03913,303.0715
595,599.20344,293.87897
596,622.25791,306.41537
597,625.67325,306.92544
598,621.37523,304.5339
599,615.25737,300.96771
600,625.33453,305.5464
601,626.1698,305.61894
602,613.79387,298.69793
603,629.39546,305.44999
604,639.70557,309.61932
605,643.04138,310.19756
606,635.27292,305.44981
607,638.12174,305.80055
608,633.253,302.43581
609,629.87545,299.82294
610,623.0727,295.60135
611,632.55211,299.11107
612,624.2773,294.20951
613,633.37492,297.49225
614,608.38597,284.79725
615,634.20979,295.87533
616,604.56507,281.10103
617,609.3812,282.40505
618,628.91606,290.5046
619,623.32128,286.94518
620,636.98918,292.25934
621,643.17611,294.09982
622,620.02978,282.54519
623,618.38732,280.82293
624,627.78136,284.102
625,610.12457,275.11839
626,610.71395,274.32804
627,624.81361,279.3012
628,598.84619,265.19648
629,618.39695,273.6546
630,601.95793,266.14196
631,625.64308,276.35499
632,597.65254,262.61025
633,628.96841,275.88499
634,614.4857,269.09353
635,626.14665,273.46237
636,615.03943,267.92886
637,629.3512,273.42214
638,635.22187,275.3561
639,637.23467,275.42238
640,614.60693,264.88768
641,618.72687,265.89928
642,618.99686,265.29287
643,629.11569,268.70423
644,627.29887,267.15389
645,625.64618,265.36868
646,607.25965,255.75602
647,608.7195,254.14429
648,596.76878,247.86928
649,601.45161,249.02809
650,581.48918,242.06971
651,627.26493,260.48933
652,595.13805,244.32517
653,617.64071,255.10749
654,621.96438,256.0431
655,595.37835,243.67521
656,514.9418,210.50967
657,541.3898,220.61481
658,608.27134,248.00578
659,613.328,249.40811
660,615.90434,249.97037
661,623.33436,252.68228
662,633.59476,256.33602
663,629.55153,253.90793
664,621.01473,249.81063
665,627.45659,251.71749
666,631.20823,252.51009
667,624.94914,249.39226
668,625.34646,248.90934
669,635.27393,252.13685
670,628.61005,248.86043
671,626.41535,247.34234
672,614.89983,242.11341
673,627.40372,246.34919
674,626.84191,245.4646
675,621.55608,242.73615
676,628.80984,244.90344
677,620.80623,241.15401
678,629.81793,244.00362
679,624.21751,241.17023
680,622.42114,239.81342
681,620.73365,238.51613
682,622.56552,238.55468
683,621.9517,237.64292
684,607.4621,231.48074
685,618.63594,235.17548
686,606.81718,229.99473
687,455.56166,169.70776
688,506.59482,189.58629
689,521.70854,194.49072
690,529.63752,197.00223
691,561.51145,208.60129
692,565.97693,209.54713
693,551.33617,201.23969
694,536.05461,194.14394
695,557.55045,202.34837
696,555.9947,202.88172
697,600.6203,220.89213
698,581.36473,213.36014
699,569.18455,206.44925
700,564.46203,204.54245
701,548.37226,197.48491
702,556.93941,201.00129
703,558.93676,202.03089
704,573.25173,207.7529
705,579.62835,208.85451
706,583.74282,210.93663
707,582.02334,210.21544
708,589.97184,212.63548
709,581.18227,210.46073
710,588.23019,212.10794
711,587.30283,212.04001
712,582.7701,210.68692
713,582.80005,210.20426
714,585.27706,210.79006
715,564.40586,201.88313
716,569.50632,202.98252
717,461.20971,158.64797
718,428.08477,144.5764
719,386.51857,129.01672
720,396.16657,133.36459
721,462.50323,158.84085
722,540.98391,191.02612
723,487.88997,170.16301
724,445.02512,151.6693
725,436.46984,148.00456
726,457.83557,156.43647
727,465.77264,160.62125
728,437.43295,147.69457
729,454.73039,155.76926
730,484.3445,166.19935
731,452.3703,154.13678
732,503.02618,175.31608
733,528.35587,186.62522
734,549.06002,195.23
735,536.15202,189.48575
736,537.18383,189.09422
737,539.12533,190.27773
738,556.31245,197.85464
739,538.10728,191.78487
740,554.85178,198.67638
741,553.83535,198.92283
742,555.43522,200.08435
743,567.26682,204.30359
744,571.50044,206.1082
745,566.87846,204.5752
746,570.30394,205.51328
747,576.81153,207.70825
748,570.84288,205.32306
749,572.18228,205.55161
750,563.99414,202.21769
751,558.92882,200.04043
752,573.78808,205.011
753,559.18722,199.44394
754,572.83049,203.8573
755,568.68985,201.97923
756,563.37636,199.66986
757,566.74651,200.42274
758,567.584,200.2264
759,553.51373,194.06106
760,169.60823,50.423569
761,107.40727,32.519929
762,352.50735,115.67951
763,204.34466,63.78083
764,285.18337,90.491076
765,349.95307,111.83726
766,407.07032,131.41821
767,466.12443,153.9707
768,529.87873,178.99468
769,533.78794,180.78238
770,544.13825,184.86924
771,551.73692,187.97225
772,545.30107,185.66493
773,549.14745,186.60667
774,550.92938,186.90551
775,540.34941,182.96106
776,552.56887,186.69151
777,551.37777,185.89203
778,539.97291,181.56303
779,549.20075,184.21024
780,543.05042,181.74737
781,543.76809,181.51144
782,550.62001,183.28326
783,541.43918,179.75254
784,540.59388,178.84106
785,541.54881,178.50473
786,541.66736,177.77454
787,531.90096,172.62113
788,523.20222,169.02119
789,522.34451,167.5665
790,503.5174,160.48646
791,515.55603,164.50612
792,508.37238,162.4392
793,500.50771,159.19251
794,519.06115,166.98645
795,511.1176,163.36176
796,498.28002,155.85407
797,506.62294,158.27089
798,522.44204,164.92653
799,515.36196,161.44082
800,493.81396,153.33675
801,504.42641,156.40069
802,504.00578,155.56898
803,493.67736,151.54665
804,503.61518,154.71674
805,494.82141,152.47221
806,513.27172,158.91104
807,509.26254,156.88714
808,508.56905,156.4122
809,497.0822,151.52336
810,482.28328,145.09156
811,487.19766,145.68901
812,465.96081,137.53983
813,457.70622,134.01224
814,392.63307,111.29249
815,384.73101,110.14541
816,364.81506,101.39145
817,372.88923,104.78628
818,360.18518,100.3291
819,403.3565,114.20236
820,369.75365,104.38738
821,462.10441,134.59927
822,430.70632,124.48053
823,277.88658,74.257018
824,428.61157,119.66021
825,445.55866,127.51453
826,429.08429,121.2371
827,453.36173,129.73682
828,368.746,100.08878
829,430.99529,121.40938
830,421.42337,118.44083
831,421.33252,117.09749
832,404.48989,111.5639
833,443.94249,125.75261
834,421.74915,116.17467
835,466.88042,133.02414
836,444.90846,124.25345
837,475.86197,135.69117
838,465.25743,131.14294
839,466.36854,131.79148
840,478.08297,135.22237
841,472.90923,132.8823
842,479.15658,135.52592
843,480.59868,136.14434
844,469.01599,131.95749
845,480.41823,135.94263
846,488.02607,138.03432
847,480.14958,135.90953
848,483.49827,135.85131
849,484.0084,136.01684
850,425.12363,119.15258
851,477.08431,132.74665
852,468.61226,130.51339
853,474.17612,131.96815
854,385.75719,106.82584
855,425.82083,118.26134
856,467.50341,129.22665
857,478.98925,132.41231
858,476.04304,131.2929
859,477.51963,131.44422
860,469.59127,129.22257
861,471.82573,129.46819
862,473.83841,129.83128
863,479.63549,131.09009
864,478.85312,130.6577
865,468.83663,127.63039
866,407.69962,110.74825
867,432.4252,117.20685
868,464.05882,125.49315
869,461.95532,124.65854
870,471.70685,127.0048
871,470.46624,126.36263
872,466.85269,125.14193
873,468.38703,125.27016
874,461.53404,123.11757
875,456.44946,121.48757
876,464.06036,123.17965
877,463.65003,122.82939
878,459.72606,121.46033
879,462.48151,121.89401
880,459.82484,120.92043
881,436.41266,114.27851
882,463.75069,121.07907
883,456.10195,119.04781
884,457.16875,118.97355
885,460.01659,119.55124
886,448.36045,115.4865
887,439.89963,113.48346
888,447.93611,114.89318
889,458.58182,118.25474
890,447.33953,114.07923
891,448.89428,114.49685
892,442.47141,111.8934
893,413.4959,102.64212
894,412.82503,102.0125
895,378.27082,90.694807
896,360.88443,86.043253
897,302.77985,70.005999
898,329.89561,77.037042
899,233.96987,51.831785
900,342.40233,79.749405
901,270.92265,59.270746
902,318.77328,73.029031
903,298.03811,67.217186
904,397.76375,94.739116
905,393.55525,92.765019
906,356.5683,83.719335
907,300.53985,67.515288
908,285.65564,64.060132
909,316.51411,71.905987
910,279.9241,61.400645
911,310.66645,70.427268
912,311.73804,70.451946
913,278.49885,61.207295
914,283.05473,62.091592
915,294.48462,64.714009
916,266.74056,57.95864
917,328.3475,73.295885
918,253.12398,54.80525
919,338.04977,75.455476
920,344.7138,78.473038
921,361.69578,81.995264
922,318.87988,70.549195
923,346.1642,78.624788
924,320.18296,70.607635
925,315.96035,68.613276
926,314.58057,69.164816
927,357.17892,78.622444
928,250.20376,52.109017
929,237.6595,49.267295
930,176.77784,35.006878
931,157.51691,30.16359
932,111.51127,20.614388
933,82.121838,14.679966
934,39.55816,6.6664472
935,99.251841,18.407646
936,47.133693,8.2184564
937,62.22959,10.930331
938,65.917091,11.237731
939,159.24467,30.097306
940,199.65719,38.255752
941,136.28283,25.76748
942,155.39537,29.353573
943,102.89114,18.629132
944,113.07235,21.00332
945,144.85851,26.839043
946,72.74156,12.706699
947,140.87379,26.226118
948,108.62298,20.126594
949,201.10047,38.145014
950,41.739968,6.8624068
951,228.09381,43.183443
952,93.277526,16.344901
953,132.2171,23.719648
954,181.66574,33.56086
955,146.97704,27.104415
956,142.36693,26.97882
957,118.40967,21.277766
958,205.76493,39.817159
959,157.86699,29.607107
960,173.39191,32.519194
961,191.9981,36.680561
962,191.19215,35.92441
963,220.3065,42.935743
964,196.80613,37.742887
965,224.21766,43.579792
966,214.12882,41.214791
967,224.46964,43.424466
968,308.75923,63.321966
969,320.88278,65.190197
970,302.8631,61.19436
971,349.05832,72.392715
972,330.69624,67.254342
973,282.85061,55.305443
974,269.44034,52.85666
975,279.7818,54.87971
976,266.66506,50.745401
977,298.52702,60.280881
978,298.54883,58.151909
979,303.62957,59.933993
980,286.96004,56.206133
981,348.91666,71.191636
982,334.85894,67.409367
983,317.34979,63.723138
984,368.31663,76.141414
985,328.95795,65.378884
986,370.07645,76.447394
987,364.5056,74.889714
988,362.33014,74.445242
989,370.93352,77.0878
990,362.8864,73.955373
991,375.55011,77.671273
992,377.00548,78.126316
993,363.81315,74.425102
994,376.83735,77.911283
995,375.77191,77.829027
996,374.89003,77.287233
997,376.47973,77.543366
998,375.13048,77.257661
999,373.90059,76.745747
1000,367.16224,74.890594
1001,374.47117,76.700913
1002,363.7202,73.284461
1003,368.29523,74.990147
1004,363.47926,73.63161
1005,343.7422,69.956336
1006,358.5484,72.673722
1007,366.90444,74.328669
1008,365.90592,73.747218
1009,362.204,72.670271
1010,361.59637,72.26323
1011,367.02754,73.903244
1012,364.46766,73.041632
1013,364.78487,73.249532
1014,367.28316,73.62172
1015,360.13485,72.0017
1016,362.4161,72.33669
1017,358.55662,71.439757
1018,364.29112,72.535709
1019,349.44745,68.981774
1020,359.21852,71.339557
1021,359.57993,71.254728
1022,353.80523,69.871921
1023,359.77519,70.939135
1024,353.51419,69.127212
1025,359.82737,70.860384
1026,358.73687,70.38806
1027,357.5364,70.115172
1028,357.76552,69.976192
1029,351.07471,68.467559
1030,357.60269,69.869159
1031,355.66329,69.308791
1032,355.71607,69.325558
1033,348.27543,67.709316
1034,353.95591,68.726295
1035,348.58527,67.59184
1036,353.63992,68.417937
1037,345.9165,66.81914
1038,350.42158,67.594251
1039,351.56649,67.685352
1040,348.12715,66.921199
1041,349.49344,67.032041
1042,350.45206,67.130473
1043,344.56139,65.901352
1044,348.19949,66.487271
1045,346.89927,66.108455
1046,336.96751,64.099435
1047,343.2646,65.177102
1048,346.71214,65.72853
1049,344.63373,65.202488
1050,342.71121,64.710403
1051,342.74095,64.600305
1052,340.55778,64.029437
1053,341.21202,64.052712
1054,337.01,63.129201
1055,339.56823,63.466053
1056,338.58821,63.124954
1057,337.87362,62.84914
1058,334.99702,62.160007
1059,323.31725,59.820158
1060,334.38286,61.740017
1061,322.90174,59.47856
1062,331.31341,60.832148
1063,325.33133,59.559501
1064,330.13133,60.382246
1065,328.46123,59.764685
1066,319.34229,58.127221
1067,326.5423,59.275544
1068,325.53729,58.815619
1069,300.64496,54.306515
1070,317.73853,57.066892
1071,323.89066,58.532254
1072,322.01548,57.729318
1073,313.15769,56.203557
1074,327.28582,58.964839
1075,303.98566,53.878137
1076,323.61201,57.88337
1077,313.88737,55.662547
1078,318.14374,56.22626
1079,313.4096,55.873001
1080,309.77508,54.44775
1081,297.08472,51.656296
1082,311.34107,54.734748
1083,305.7229,53.907657
1084,297.04186,51.297894
1085,307.17337,53.26772
1086,288.73254,49.110842
1087,284.05313,48.935186
1088,309.31099,53.589307
1089,292.55758,50.125446
1090,282.50038,47.927883
1091,305.8389,52.446095
1092,307.03244,52.868982
1093,259.40899,42.09226
1094,267.24709,45.114056
1095,260.97406,42.841152
1096,249.49869,40.722849
1097,296.22741,50.349148
1098,244.1784,39.518568
1099,251.30479,40.523015
1100,240.2007,37.601649
1101,241.88397,38.859061
1102,219.20172,34.413607
1103,223.42248,34.80515
1104,218.27538,33.835276
1105,253.19556,39.871047
1106,168.99725,24.944627
1107,233.1365,36.431772
1108,191.84606,28.905401
1109,189.5624,28.498912
1110,226.03105,34.254248
1111,138.98297,19.453902
1112,200.18137,29.225943
1113,109.22568,15.405897
1114,137.11391,19.050315
1115,103.40309,13.761188
1116,78.550937,10.365281
1117,26.316271,3.156811
1118,89.126972,11.65585
1119,39.596466,4.9016513
1120,44.074483,5.3842726
1121,67.13749,8.342759
1122,22.205676,2.5498045
1123,44.382583,5.3609129
1124,35.887076,4.365005
1125,44.64458,5.4726925
1126,13.621029,1.4377898
1127,57.2073,6.9177478
1128,29.216764,3.3215103
1129,32.312106,3.7395133
1130,18.257453,2.0465526
1131,113.52397,14.551626
1132,96.636572,12.203751
1133,48.060768,5.7200633
1134,10.733169,1.1693186
1135,5.0674318,0.54164604
1136,43.803401,5.0588238
1137,117.07009,14.804866
1138,74.207405,9.0756164
1139,130.89783,17.139809
1140,92.367939,11.782212
1141,80.927792,10.073697
1142,93.669356,11.630898
1143,124.14105,16.146774
1144,46.719771,5.5673872
1145,48.110667,5.5996961
1146,59.782647,6.960313
1147,15.502986,1.6042007
1148,111.03563,14.069458
1149,90.542441,11.192769
1150,45.194496,5.5345091
1151,73.390773,8.6813714
1152,102.67295,12.704409
1153,100.53196,12.788738
1154,46.915859,5.5494282
1155,131.75734,16.694148
1156,110.48952,13.851739
1157,144.1976,18.860616
1158,133.72985,17.283555
1159,157.84341,20.601563
1160,120.91264,15.066484
1161,163.2205,21.684904
1162,170.72349,22.44971
1163,226.55143,31.459707
1164,187.55973,25.224014
1165,179.73093,23.928156
1166,182.6372,24.93147
1167,198.13023,26.669945
1168,199.04647,27.046666
1169,210.88552,29.294647
1170,233.25664,32.756929
1171,218.91592,30.241335
1172,231.28346,32.615852
1173,230.19355,32.213016
1174,157.28952,20.578865
1175,230.92516,32.222757
1176,238.12132,33.957341
1177,236.45064,33.149189
1178,167.8669,22.800711
1179,255.42169,36.450369
1180,217.27741,29.794612
1181,219.71304,29.893904
1182,159.55556,20.587538
1183,219.26667,30.162914
1184,210.21617,28.24736
1185,201.34072,26.52968
1186,245.42314,34.064938
1187,226.73517,30.802335
1188,156.3315,19.733229
1189,215.2678,29.237598
1190,236.81074,32.642262
1191,220.49069,29.269753
1192,241.38888,33.460945
1193,223.59044,30.362284
1194,242.81739,33.168074
1195,225.67972,29.971599
1196,211.45558,27.986736
1197,247.84003,33.97581
1198,216.10053,29.424622
1199,173.73527,22.613722
1200,224.97382,30.345637
1201,219.11515,28.900638
1202,222.83946,29.796375
1203,220.69974,29.489154
1204,175.25177,22.782142
1205,227.04797,30.76089
1206,249.27996,34.071329
1207,212.92196,28.183147
1208,220.51126,29.616764
1209,211.45375,28.385535
1210,232.95316,31.327963
1211,215.77852,28.97129
1212,211.2776,27.592787
1213,243.72773,32.701201
1214,217.18045,27.982656
1215,219.29774,28.725755
1216,237.0668,31.757855
1217,235.00072,31.325155
1218,241.84591,32.35184
1219,229.14509,30.327612
1220,239.75014,31.785359
1221,242.47181,32.638225
1222,237.12413,31.759918
1223,231.76616,30.87765
1224,229.57992,30.156039
1225,240.1481,31.783587
1226,247.95617,33.227059
1227,223.21183,28.981056
1228,246.21089,32.791152
1229,246.41967,32.796431
1230,239.87907,31.679062
1231,249.96835,33.423781
1232,246.84599,32.964989
1233,235.69587,30.750281
1234,249.85783,33.387142
1235,245.61457,32.616798
1236,249.84091,33.28477
1237,245.64351,32.387362
1238,249.03779,33.060072
1239,246.21685,32.596058
1240,245.48596,32.527083
1241,245.13777,32.159541
1242,245.96832,32.438028
1243,244.07475,32.154214
1244,240.13185,31.509844
1245,245.29612,32.17859
1246,243.01809,31.820514
1247,241.60628,31.534379
1248,242.18684,31.463072
1249,242.75028,31.573268
1250,240.8848,31.219255
1251,237.8403,30.713655
1252,238.30187,30.751057
1253,234.68248,30.193354
1254,233.14552,29.760572
1255,235.58751,30.144309
1256,230.14791,29.341512
1257,227.36742,28.719958
1258,231.24784,29.3218
1259,222.28364,27.764456
1260,224.31603,27.89265
1261,217.85803,26.698294
1262,205.96957,25.361761
1263,209.95537,25.70396
1264,191.41066,23.31663
1265,203.06158,25.046485
1266,202.53381,24.670467
1267,201.00712,24.212457
1268,193.30603,23.610059
1269,131.73285,15.980869
1270,202.08419,24.476862
1271,209.67619,25.519383
1272,213.03524,25.881979
1273,210.16228,25.782648
1274,212.98166,25.952725
1275,213.94826,26.261507
1276,218.79525,26.86861
1277,217.4013,26.610976
1278,223.31235,27.480808
1279,219.77887,26.856691
1280,218.10105,26.523182
1281,215.34924,26.291204
1282,194.90299,23.931202
1283,212.76466,26.007463
1284,222.04191,27.162496
1285,221.40875,26.898006
1286,226.42863,27.70604
1287,222.43157,26.860152
1288,216.21772,25.708731
1289,212.5815,25.007941
1290,219.0189,26.310672
1291,226.29994,27.478752
1292,206.94793,24.125779
1293,217.40757,25.847534
1294,214.97703,25.604904
1295,214.57118,25.179416
1296,196.61325,22.708091
1297,185.18023,21.152354
1298,205.10804,23.469539
1299,221.92297,26.298378
1300,188.17668,21.600847
1301,182.09217,20.44303
1302,208.55754,24.178417
1303,185.7089,21.319936
1304,142.77882,15.524013
1305,204.67143,23.314857
1306,207.52028,23.737123
1307,139.25563,14.897707
1308,183.29985,20.377714
1309,196.02601,21.806108
1310,143.08363,15.030586
1311,167.65969,18.340478
1312,175.35489,19.414951
1313,149.36679,15.875801
1314,131.84936,13.74809
1315,125.8567,13.058935
1316,167.31276,18.150451
1317,146.65482,15.490992
1318,171.19647,18.586512
1319,117.66418,11.79265
1320,119.77188,12.158482
1321,154.81982,16.351421
1322,156.74667,16.225139
1323,98.408091,9.4920763
1324,113.68746,11.34896
1325,164.65056,17.281475
1326,134.11552,13.67747
1327,119.85544,12.195611
1328,109.43088,10.977277
1329,74.475489,6.9566397
1330,104.86245,10.115215
1331,47.176095,4.3907843
1332,53.533661,4.9576736
1333,88.711641,8.3129355
1334,73.318266,7.0253765
1335,95.396901,9.0776253
1336,68.796023,6.3015355
1337,84.165329,8.0157206
1338,70.777359,6.3927837
1339,77.253324,7.1942931
1340,66.783495,6.2219164
1341,71.992182,6.3941546
1342,81.266744,7.3728354
1343,55.810702,4.9738357
1344,25.790928,2.2037956
1345,37.232762,3.0964753
1346,14.092951,1.0988329
1347,13.463304,0.99879781
1348,0.24366542,0.014097794
1349,1.7255216,0.11631409
1350,3.37279,0.23199961
1351,0.21870705,0.013391102
1352,0.10197467,0.006973061
1353,0.009379877,1.2089402e-08
1354,0.0051061338,1.2368968e-08
1355,0,1.265437e-08
1356,0.00031664304,1.2955212e-08
1357,0.00051698694,1.3263329e-08
1358,0,1.3544047e-08
1359,0,1.3863345e-08
1360,0,1.4189145e-08
1361,0,1.4525454e-08
1362,0,1.4866887e-08
1363,0,1.5188423e-08
1364,0,1.5544005e-08
1365,0,1.5910766e-08
1366,0,1.6285537e-08
1367,0,1.6672019e-08
1368,0,1.7026658e-08
1369,0,1.7427712e-08
1370,0,1.7839149e-08
1371,0,1.8222066e-08
1372,0,1.8650865e-08
1373,0,1.9091564e-08
1374,0.00088932255,1.9515137e-08
1375,0.0023929093,1.9923346e-08
1376,0.0048554447,2.0399462e-08
1377,0.00027659524,2.0867946e-08
1378,0.025484659,0.0043172229
1379,0,2.1770072e-08
1380,0.00053693479,2.2288753e-08
1381,0,2.2801907e-08
1382,0,2.3291643e-08
1383,0,2.3787134e-08
1384,0,2.4348498e-08
1385,0,2.491994e-08
1386,0,2.5450414e-08
1387,0.0014945883,2.601507e-08
1388,0,2.6551825e-08
1389,0.01318095,0.0010668795
1390,0.0099910077,0.001075449
1391,0.018460588,0.0010460266
1392,0.00059055714,2.9021497e-08
1393,0.0023478503,2.9647473e-08
1394,0.00080709005,3.0290183e-08
1395,0,3.0978911e-08
1396,0,3.1708939e-08
1397,0.00062987628,3.2387273e-08
1398,0.066411666,0.0035593523
1399,0.013283704,0.0012118777
1400,0,3.4501046e-08
1401,0,3.5237869e-08
1402,0.080207116,0.0043715421
1403,0.12780508,0.0073150172
1404,0.020271957,0.0012830655
1405,4.3938519e-05,3.8507751e-08
1406,0.074598105,0.0026478814
1407,0,4.0156097e-08
1408,0.060663713,0.0034195353
1409,0.030096922,0.0016795363
1410,0.0080681641,4.2818014e-08
1411,0.097194351,0.0052155772
1412,0.29164565,0.017962499
1413,2.7562782,0.1748247
1414,0.0064715824,4.6573285e-08
1415,0.0041535828,4.7563171e-08
1416,4.7303748,0.31369199
1417,0.71671271,0.04687797
1418,1.0996461,0.065189318
1419,0.0064451102,5.1735351e-08
1420,0.63254681,0.036979385
1421,1.1711842,0.085546999
1422,8.7110413,0.58898154
1423,0.30547981,0.024434933
1424,2.2477497,0.13682485
1425,6.4029802,0.43553769
1426,4.5905639,0.31760346
1427,11.403901,0.81222415
1428,0.53691587,0.031839363
1429,8.6225754,0.58973109
1430,17.018871,1.2191398
1431,14.494376,1.0447423
1432,0.24135532,0.017790041
1433,12.847216,0.8829162
1434,1.7205193,0.11090211
1435,3.8893932,0.26849146
1436,10.326095,0.73768897
1437,5.5010185,0.38310965
1438,3.2983852,0.22868937
1439,10.128583,0.71314272
1440,13.446646,0.96387409
1441,4.8364241,0.33490205
1442,5.1184963,0.33511691
1443,10.176663,0.68649084
1444,15.24632,1.0913205
1445,12.231875,0.84337119
1446,2.7919994,0.18401216
1447,8.0473339,0.55641681
1448,41.031281,2.9820814
1449,26.258973,1.8918144
1450,4.7047567,0.30374512
1451,1.3303297,0.090428307
1452,13.561986,0.92020507
1453,25.720154,1.834663
1454,57.22544,4.3142584
1455,21.825333,1.560825
1456,26.64349,1.9471015
1457,41.883451,3.066632
1458,52.935838,3.9539185
1459,63.904553,4.7978011
1460,24.098013,1.7726685
1461,28.346071,1.9865579
1462,44.64403,3.2933752
1463,11.581397,0.7879797
1464,64.461803,4.8488307
1465,38.693028,2.8936183
1466,18.287996,1.2470023
1467,8.9867493,0.56993748
1468,23.495543,1.6792563
1469,30.520273,2.1817345
1470,10.078667,0.66195254
1471,4.9027944,0.30500254
1472,10.095089,0.67275233
1473,18.065971,1.2153304
1474,39.077581,2.8574672
1475,73.041642,5.5344287
1476,22.175213,1.5652413
1477,11.882145,0.81011038
1478,20.500842,1.4518366
1479,49.114689,3.5754209
1480,15.47229,1.0471099
1481,43.614416,3.1373107
1482,19.154919,1.3264533
1483,57.815758,4.2492908
1484,52.487777,3.899478
1485,43.45297,3.2119801
1486,48.315103,3.453845
1487,16.927717,1.2303496
1488,29.767204,2.1359471
1489,80.735391,6.144044
1490,68.671543,5.1661176
1491,92.181193,7.0963963
1492,66.848622,4.9704891
1493,77.533165,6.0194175
1494,90.190625,7.0644589
1495,86.99979,6.6890273
1496,87.578865,6.6806004
1497,111.98101,8.8316681
1498,89.711675,6.7698096
1499,110.72335,8.7226118
1500,127.58113,10.328353
1501,128.30105,9.9292675
1502,131.40631,10.462998
1503,91.613025,6.9713874
1504,68.056828,5.1685763
1505,90.872457,6.8809558
1506,135.64928,10.978806
1507,140.9302,11.355295
1508,130.53377,10.469733
1509,90.061392,6.8974447
1510,147.71466,11.852808
1511,138.63186,11.1473
1512,138.78384,11.31792
1513,131.80002,10.564703
1514,114.34558,9.0909762
1515,147.99661,12.019424
1516,133.12145,10.807756
1517,130.41763,10.303139
1518,131.63484,10.603004
1519,124.51021,9.6048175
1520,136.63522,10.872156
1521,158.26257,13.06465
1522,140.45659,11.324793
1523,154.37935,12.593153
1524,155.41206,12.662665
1525,137.73362,10.946413
1526,144.04814,11.440254
1527,137.4945,10.979404
1528,157.75191,12.864043
1529,149.93033,12.142924
1530,139.7322,11.142197
1531,144.89702,11.609531
1532,158.65075,12.97593
1533,156.03572,12.737286
1534,152.32748,12.374842
1535,147.2621,11.829502
1536,153.27096,12.366343
1537,152.44665,12.275122
1538,154.26179,12.56007
1539,152.30331,12.287153
1540,150.53536,12.249252
1541,152.2125,12.345675
1542,150.72653,12.133368
1543,153.41948,12.376906
1544,150.02054,11.958812
1545,157.70765,12.814656
1546,155.0527,12.502606
1547,155.76155,12.585717
1548,151.12686,12.227523
1549,155.25383,12.581611
1550,153.87127,12.443372
1551,152.38145,12.267949
1552,152.88835,12.216427
1553,155.38363,12.553222
1554,149.52257,12.049575
1555,152.5794,12.29979
1556,150.04864,12.111576
1557,154.96072,12.491535
1558,153.74037,12.391759
1559,153.17489,12.306746
1560,150.43433,12.076252
1561,154.17879,12.359035
1562,153.70156,12.297886
1563,150.97603,12.043576
1564,148.84987,11.841318
1565,152.52236,12.210242
1566,148.8381,11.850934
1567,149.20573,11.881412
1568,145.63163,11.544806
1569,145.38557,11.478057
1570,137.31886,10.76276
1571,134.06137,10.256098
1572,134.16446,10.438896
1573,131.97661,10.152495
1574,138.70784,10.733952
1575,131.99731,10.409724
1576,143.0156,11.238282
1577,121.39163,9.4541506
1578,133.96569,10.422052
1579,135.97387,10.551045
1580,139.18529,10.849929
1581,142.27168,11.101675
1582,136.46916,10.671936
1583,139.44387,10.867263
1584,142.24085,11.143611
1585,146.68835,11.500706
1586,144.55241,11.310934
1587,142.1605,11.085367
1588,141.40018,11.086839
1589,129.94095,10.183836
1590,137.87175,10.754594
1591,135.60704,10.61157
1592,141.92908,11.019443
1593,147.23886,11.492015
1594,144.65508,11.220911
1595,147.19932,11.459556
1596,137.20068,10.650899
1597,141.69556,10.921472
1598,145.21414,11.240435
1599,137.95975,10.620292
1600,136.10286,10.430607
1601,128.92352,9.7432351
1602,127.7109,9.7293738
1603,126.87804,9.6925621
1604,130.02023,9.8291328
1605,134.84823,10.301624
1606,137.42045,10.549624
1607,134.33999,10.149758
1608,131.28169,9.8131769
1609,130.16845,9.6114979
1610,123.8666,9.308401
1611,127.94771,9.5890103
1612,130.91449,9.8739996
1613,135.54646,10.216452
1614,137.39228,10.449289
1615,139.27742,10.613198
1616,131.07475,10.001346
1617,134.9646,10.251515
1618,139.7559,10.65651
1619,138.82983,10.531476
1620,134.24647,10.229684
1621,135.10529,10.28388
1622,137.06948,10.422903
1623,140.77707,10.703677
1624,141.13495,10.719063
1625,137.2185,10.391759
1626,139.54464,10.567886
1627,139.07648,10.533503
1628,140.0447,10.587636
1629,140.42084,10.615657
1630,136.5833,10.320492
1631,137.99916,10.38672
1632,136.97326,10.264303
1633,135.12498,10.128742
1634,133.27414,10.022652
1635,135.34502,10.093043
1636,136.53529,10.244035
1637,130.6552,9.7828213
1638,128.72069,9.5774369
1639,125.62722,9.3699162
1640,123.34481,9.0782545
1641,127.89192,9.5348572
1642,126.53896,9.4014705
1643,127.08805,9.4024358
1644,130.35291,9.6917972
1645,127.77307,9.442835
1646,124.71665,9.125383
1647,132.07492,9.7851629
1648,126.22613,9.238087
1649,127.86222,9.4108187
1650,130.89009,9.625765
1651,121.81159,8.9094839
1652,128.20815,9.3639795
1653,128.15162,9.3618478
1654,126.66581,9.1523663
1655,128.60405,9.4159158
1656,127.97952,9.2704898
1657,129.52203,9.4199918
1658,130.64381,9.5307207
1659,128.93913,9.4248487
1660,130.57049,9.5192766
1661,129.14273,9.3417677
1662,126.05705,9.0155185
1663,129.63279,9.422091
1664,127.25409,9.2004828
1665,127.15093,9.2025126
1666,106.19445,7.4016302
1667,124.29496,8.9075221
1668,126.20711,9.1303754
1669,123.74091,8.8103757
1670,129.23152,9.3376056
1671,125.98615,9.0159356
1672,120.224,8.5999691
1673,125.39963,9.0089829
1674,123.78022,8.8140192
1675,125.2897,8.9552137
1676,120.6347,8.5595716
1677,120.8629,8.5335847
1678,118.8357,8.3614328
1679,123.55372,8.8429397
1680,118.21913,8.3922384
1681,111.93077,7.9204791
1682,117.59832,8.3684813
1683,120.38044,8.5334653
1684,114.20399,7.9889216
1685,123.96226,8.7994262
1686,121.37375,8.5729756
1687,118.9963,8.3679215
1688,122.6806,8.6643135
1689,118.83924,8.3433175
1690,122.4761,8.5903005
1691,104.42334,7.151833
1692,119.76786,8.3046535
1693,123.20746,8.6523336
1694,117.10532,8.0657009
1695,122.63608,8.5839807
1696,122.41705,8.5629261
1697,93.686299,6.132579
1698,120.50088,8.3766437
1699,121.43237,8.4546985
1700,113.64249,7.7675446
1701,103.91428,7.0340889
1702,119.23908,8.267335
1703,114.71727,7.921083
1704,113.7742,7.7274133
1705,116.21527,7.9308988
1706,113.51962,7.7252515
1707,108.56013,7.2942729
1708,104.28643,7.0158127
1709,92.401041,6.1423494
1710,118.46499,8.1285783
1711,105.12934,7.1311602
1712,116.69216,7.9610207
1713,114.93932,7.7635479
1714,98.48806,6.4817406
1715,105.97476,7.0967378
1716,102.84916,6.8805643
1717,116.33425,7.8921594
1718,114.09011,7.7328007
1719,116.78615,7.9345542
1720,112.08193,7.5259446
1721,82.651642,5.4275325
1722,112.46115,7.5251063
1723,106.2171,7.0746693
1724,76.049173,4.884542
1725,95.437038,6.2212282
1726,101.50114,6.7022235
1727,111.0479,7.3926278
1728,105.82484,6.9807268
1729,86.278971,5.5714725
1730,112.41206,7.5069141
1731,110.14102,7.3142221
1732,72.87183,4.4659465
1733,87.809765,5.681439
1734,103.79478,6.8203069
1735,105.87777,6.9909649
1736,75.363889,4.6813006
1737,73.763622,4.6873186
1738,100.34898,6.5160708
1739,104.68021,6.856513
1740,81.666103,5.1252247
1741,74.794766,4.7206502
1742,88.308593,5.6212236
1743,104.50066,6.7844347
1744,98.282433,6.2980217
1745,89.10632,5.5936167
1746,97.239405,6.1966618
1747,23.383252,1.2691933
1748,91.699339,5.6742813
1749,101.43764,6.4872377
1750,103.33762,6.6574731
1751,87.228638,5.4174792
1752,75.732197,4.7075975
1753,99.425206,6.3353476
1754,103.20367,6.5925567
1755,67.477962,4.0442286
1756,93.174939,5.7164437
1757,52.690492,3.1034501
1758,92.489325,5.690096
1759,103.90189,6.6396406
1760,101.38091,6.4145311
1761,79.463746,4.7798884
1762,75.22071,4.5872045
1763,62.648905,3.6387968
1764,96.0761,5.9975046
1765,88.649905,5.3617877
1766,33.029881,1.8411091
1767,83.702184,5.0261464
1768,76.041515,4.4971573
1769,84.974746,5.0831493
1770,57.608711,3.3858761
1771,67.20539,3.8981433
1772,88.207947,5.3418157
1773,82.868104,4.9382051
1774,38.127033,2.1412333
1775,65.761819,3.8152835
1776,32.157204,1.7440189
1777,62.274594,3.5855356
1778,53.875272,3.1044895
1779,24.187911,1.238642
1780,70.717808,4.0915172
1781,37.733848,2.1363495
1782,49.871687,2.8161829
1783,66.193883,3.8318374
1784,37.182304,2.0082724
1785,18.107173,0.95336368
1786,19.163622,0.95358064
1787,30.451278,1.561459
1788,59.434973,3.3515392
1789,54.841601,3.0734721
1790,68.680878,3.9083308
1791,15.187296,0.75763948
1792,22.055002,1.1662133
1793,15.530245,0.76817271
1794,8.8834257,0.43972027
1795,15.433015,0.76873205
1796,18.789427,0.92604917
1797,14.870793,0.72532621
1798,17.929323,0.92068421
1799,38.645847,2.0095021
1800,4.9816711,0.2380575
1801,0.10947138,0.0041424977
1802,0.31654216,0.015866762
1803,2.8491587,0.12710947
1804,5.3721981,0.25071441
1805,11.053061,0.51696571
1806,0.0038785187,0.00019783704
1807,0.58220588,0.023540133
1808,4.990407,0.21924971
1809,1.6738706,0.069072639
1810,2.9084785,0.12840893
1811,0.00035611232,2.7720071e-05
1812,0.20286499,0.0075761126
1813,0.013036788,0.00061384707
1814,1.3400651,0.055041986
1815,0.50980286,0.020862508
1816,0.0012948924,8.8329544e-05
1817,0.026712001,0.0011391488
1818,0.31415279,0.012129864
1819,0.021442563,0.00078275287
1820,0.0059078134,0.00018127506
1821,0,3.1383145e-05
1822,0,3.1762763e-05
1823,0.087270645,0.0031444817
1824,0.31743336,0.011905948
1825,0.0050131895,0.00012848537
1826,0,3.3326399e-05
1827,0.00041476048,3.3738167e-05
1828,6.8807348e-05,3.4142483e-05
1829,0,3.4553503e-05
1830,0,3.4971526e-05
1831,0,3.5319664e-05
1832,0,3.5680528e-05
1833,0,3.6107964e-05
1834,0.0001367266,3.6552917e-05
1835,0,3.6984201e-05
1836,0,3.7432721e-05
1837,0,3.7882702e-05
1838,0,3.8339488e-05
1839,0,3.880912e-05
1840,0,3.9271651e-05
1841,0,3.9749961e-05
1842,0,4.0224649e-05
1843,0,4.071423e-05
1844,0,4.1208867e-05
1845,0.00026535446,4.1715079e-05
1846,0,4.2208153e-05
1847,0,4.2712266e-05
1848,0,4.3225686e-05
1849,0,4.3751347e-05
1850,0,4.4279507e-05
1851,0,4.472204e-05
1852,6.6020576e-05,4.5183417e-05
1853,0,4.5715607e-05
1854,0,4.6263861e-05
1855,0,4.6828036e-05
1856,0,4.739346e-05
1857,0,4.7957683e-05
1858,0,4.8543287e-05
1859,0,4.9126112e-05
1860,0,4.9710133e-05
1861,0,5.0208161e-05
1862,0.00031627204,5.0734462e-05
1863,6.3480523e-05,5.1338185e-05
1864,0,5.1947378e-05
1865,0,5.2570077e-05
1866,0.00047296826,5.3219544e-05
1867,0,5.3843501e-05
1868,0,5.4485721e-05
1869,0,5.5035823e-05
1870,0,5.5582247e-05
1871,0,5.6251318e-05
1872,0,5.6930398e-05
1873,0,5.7610405e-05
1874,0,5.8304698e-05
1875,0,5.9006349e-05
1876,0,5.9601201e-05
1877,0,6.0193398e-05
1878,0,6.092304e-05
1879,0.00058232242,6.1677515e-05
1880,0.0018818636,6.241585e-05
1881,0,6.3143968e-05
1882,0.0025333235,6.3790173e-05
1883,0.0036536642,6.4437594e-05
1884,0,6.5184505e-05
1885,0,6.5978194e-05
1886,0.00038203837,6.6775253e-05
1887,0,6.7424912e-05
1888,0.026024737,0.00097548424
1889,0.0082606452,0.00040583487
1890,0,6.9740223e-05
1891,0,7.0588185e-05
1892,0,7.1285738e-05
1893,0,7.2001399e-05
1894,0,7.2860661e-05
1895,0.014832152,0.00060564677
1896,0.0071380545,0.00023480262
1897,0.0013930306,7.5394805e-05
1898,0,7.6115362e-05
1899,0,7.7023996e-05
1900,0,7.7943921e-05
1901,0,7.872384e-05
1902,0,7.9527893e-05
1903,0,8.0458046e-05
1904,0,8.1433386e-05
1905,0,8.2398895e-05
1906,0,8.3220024e-05
1907,0,8.405075e-05
1908,0.00023376612,8.5092799e-05
1909,0.00026585984,8.6092822e-05
1910,4.4308872e-05,8.6956218e-05
1911,0,8.7803997e-05
1912,0,8.8846772e-05
1913,0,8.9742853e-05
1914,0,9.0625197e-05
1915,5.8380728e-05,9.1728931e-05
1916,5.7854637e-05,9.2819253e-05
1917,0,9.3740177e-05
1918,0.036723458,0.0012614862
1919,0.0065885211,0.00031476875
1920,0,9.6935371e-05
1921,0,9.790357e-05
1922,0.0070254997,0.0003376413
1923,0.030349202,0.0010164663
1924,0,0.00010104929
1925,0.080387651,0.0028392776
1926,0.13803184,0.0046516892
1927,0,0.00010430462
1928,0.000451095,0.00010536979
1929,0.0067356307,0.00027888217
1930,0.023692021,0.00082154638
1931,0,0.00010874727
1932,0.14857654,0.0052318683
1933,0.066790875,0.0028517844
1934,0,0.00011248224
1935,1.6985234,0.063402724
1936,0.088306832,0.0029617493
1937,0.093131924,0.0030579152
1938,0.060935793,0.0020305753
1939,0.024425308,0.00084358691
1940,0.23616077,0.0076496438
1941,0.22828081,0.0085973812
1942,1.5069948,0.059889064
1943,6.9119999,0.2845735
1944,0.18578341,0.0070351863
1945,0.0099501692,0.00036149861
1946,1.7066809,0.07266254
1947,3.6758245,0.14664197
1948,1.0172587,0.039496335
1949,1.4943723,0.070555451
1950,3.2784631,0.15136576
1951,6.140818,0.287225
1952,10.976257,0.50403061
1953,2.7837515,0.13829141
1954,3.4992733,0.14715069
1955,2.8294635,0.13967214
1956,1.8952783,0.1003058
1957,1.5472482,0.075217862
1958,2.2981892,0.11818453
1959,0.84974555,0.050519071
1960,13.794934,0.62709097
1961,3.0107373,0.14303134
1962,12.08122,0.55595491
1963,1.3180114,0.053708496
1964,9.356202,0.43018787
1965,11.672398,0.55030298
1966,13.773443,0.65699898
1967,24.355347,1.1663726
1968,13.949134,0.65660956
1969,28.760976,1.3141031
1970,41.876727,2.0022595
1971,16.870847,0.78924844
1972,8.1853844,0.38491034
1973,35.81899,1.689855
1974,21.214198,0.9991987
1975,41.29676,1.9573268
1976,26.352713,1.2402393
1977,48.758122,2.3278506
1978,43.824423,2.1192873
1979,41.324429,1.9241704
1980,4.1284316,0.17165013
1981,33.618893,1.5473318
1982,52.281272,2.4406924
1983,34.300994,1.6045388
1984,59.28323,2.856355
1985,42.811978,2.0100739
1986,53.716934,2.5569701
1987,10.693873,0.44280888
1988,47.733617,2.2115487
1989,57.342132,2.734228
1990,22.336005,0.96624134
1991,42.903923,2.0395758
1992,54.318595,2.5743032
1993,59.584802,2.8657609
1994,41.640955,1.9356201
1995,46.493353,2.1761818
1996,35.78647,1.6268121
1997,28.089589,1.2760396
1998,21.055589,1.0329293
1999,23.705147,1.1286824
2000,21.017884,0.97756447
2001,11.254813,0.53795988
2002,8.2617229,0.38116057
2003,7.899633,0.35583707
2004,5.4062012,0.25350567
2005,5.8708671,0.29424326
2006,6.6905937,0.32678523
2007,8.2960523,0.44485559
2008,19.013102,0.93081116
2009,34.073419,1.5077753
2010,18.11533,0.88791239
2011,15.034073,0.72368973
2012,15.147993,0.72371087
2013,10.838215,0.50598183
2014,12.806771,0.57475054
2015,14.762006,0.68779723
2016,14.066861,0.64241676
2017,8.7048511,0.41173373
2018,15.358037,0.74238004
2019,22.735812,1.0537921
2020,22.452621,1.0428857
2021,19.298113,0.89882388
2022,34.064215,1.5235906
2023,36.149655,1.65001
2024,37.825621,1.7466158
2025,35.845711,1.660066
2026,50.277101,2.3463989
2027,49.856784,2.3178456
2028,39.514573,1.7682493
2029,37.92287,1.6927105
2030,50.068359,2.2993857
2031,50.721223,2.336941
2032,57.325198,2.7052346
2033,47.343106,2.2142712
2034,57.946436,2.7340417
2035,57.516757,2.7484734
2036,60.240305,2.8927698
2037,60.348749,2.9017025
2038,49.278679,2.3075827
2039,58.976335,2.8085035
2040,41.222977,1.9184445
2041,55.125762,2.5682662
2042,55.700003,2.6049142
2043,53.618425,2.488771
2044,44.20076,2.0275308
2045,52.744096,2.4614293
2046,56.851026,2.6783947
2047,57.592149,2.713904
2048,47.027263,2.0779871
2049,44.738707,2.0581691
2050,37.052338,1.745841
2051,43.308708,2.0557557
2052,31.008309,1.5162647
2053,33.927761,1.6222497
2054,24.519388,1.1995434
2055,30.225699,1.4419486
2056,36.201642,1.7258779
2057,32.359787,1.5523709
2058,35.70941,1.712119
2059,36.560805,1.7608941
2060,52.518386,2.4673451
2061,41.798466,1.9740175
2062,34.920676,1.6163716
2063,34.226179,1.6149544
2064,33.812571,1.6066822
2065,38.529876,1.8078959
2066,33.51946,1.5249615
2067,34.940501,1.6501646
2068,41.606344,1.8527408
2069,38.712582,1.8132707
2070,33.579851,1.5566944
2071,41.828829,1.9060301
2072,40.021926,1.854304
2073,43.069932,2.0303388
2074,45.130046,2.0672926
2075,44.057366,2.0210369
2076,49.848721,2.2675415
2077,46.015052,2.0731952
2078,38.900227,1.7851151
2079,54.170967,2.5222713
2080,56.779358,2.6633232
2081,54.959804,2.5710878
2082,53.106647,2.4613451
2083,49.92294,2.3422653
2084,53.003041,2.4623755
2085,45.447335,2.0485871
2086,51.93276,2.3838331
2087,55.61404,2.5853971
2088,55.879454,2.6020432
2089,53.496768,2.4716919
2090,51.442221,2.3568216
2091,56.20235,2.6244156
2092,52.695865,2.4380503
2093,55.498652,2.5780542
2094,46.736158,2.140154
2095,55.936261,2.6128421
2096,56.057861,2.6251453
2097,56.108282,2.6140213
2098,56.667413,2.6469881
2099,41.13735,1.8692796
2100,53.499848,2.4612318
2101,56.242947,2.6204079
2102,42.619376,1.9508072
2103,57.077117,2.6727691
2104,57.536055,2.6919633
2105,54.856341,2.5285802
2106,57.175909,2.6680839
2107,56.463639,2.6292586
2108,57.202798,2.6752229
2109,56.923303,2.6616831
2110,50.920389,2.3262079
2111,56.185907,2.6146386
2112,46.111666,2.0657844
2113,55.830422,2.5920786
2114,57.0125,2.6597182
2115,55.883914,2.5879322
2116,54.254548,2.4920819
2117,54.867305,2.5556148
2118,54.128785,2.4932277
2119,44.833111,2.0372371
2120,49.679874,2.2464939
2121,55.250073,2.5547069
2122,55.94095,2.6030994
2123,56.129057,2.6103902
2124,49.574763,2.2551821
2125,52.779852,2.3948573
2126,56.075373,2.603882
2127,54.695219,2.5297054
2128,43.144534,1.9276739
2129,55.880543,2.5883775
2130,55.458847,2.5669878
2131,56.056892,2.5971193
2132,55.963784,2.5906755
2133,55.574784,2.5679339
2134,55.762605,2.5796766
2135,55.572231,2.5678981
2136,47.949656,2.1494986
2137,55.379776,2.5568256
2138,55.311493,2.5507341
2139,54.112396,2.4809831
2140,54.942453,2.5292822
2141,55.183231,2.5424463
2142,54.851144,2.5233684
2143,54.616517,2.5129042
2144,54.747014,2.5194028
2145,53.851495,2.468193
2146,53.07153,2.4300531
2147,54.185346,2.4863317
2148,52.498708,2.3823179
2149,53.663569,2.4579789
2150,50.974956,2.2952432
2151,47.187375,2.1145647
2152,45.428307,1.9866416
2153,44.702677,1.9537368
2154,49.09976,2.1942151
2155,51.268707,2.3182396
2156,51.999455,2.3557168
2157,52.701398,2.3991075
2158,51.255136,2.3051166
2159,47.241979,2.0755491
2160,49.221144,2.1974961
2161,49.645307,2.2314497
2162,51.387898,2.332011
2163,47.166186,2.0924321
2164,35.629097,1.5712737
2165,48.943468,2.2185201
2166,42.562792,1.9114935
2167,46.611148,2.0947663
2168,48.861089,2.2024166
2169,41.161721,1.8134113
2170,50.218977,2.2559675
2171,51.553272,2.3348925
2172,50.564838,2.2795755
2173,49.512381,2.2157177
2174,42.049467,1.8280114
2175,48.670572,2.1634731
2176,42.76181,1.8681973
2177,50.442583,2.2703859
2178,50.793401,2.285841
2179,42.339229,1.838431
2180,49.46015,2.2057352
2181,50.942926,2.2867863
2182,49.89947,2.2415109
2183,36.022691,1.5457893
2184,47.814511,2.1142905
2185,31.994942,1.37173
2186,50.364564,2.2528974
2187,45.815786,2.0159458
2188,39.91066,1.7192849
2189,48.206668,2.152091
2190,48.914485,2.1828772
2191,44.20056,1.9382343
2192,50.568803,2.2641394
2193,50.28083,2.2483515
2194,45.315585,1.9552121
2195,41.820047,1.8154213
2196,47.255749,2.0718487
2197,45.733477,1.9958633
2198,35.914756,1.5561889
2199,43.150039,1.8637769
2200,39.444432,1.7000068
2201,44.680528,1.9446015
2202,45.324549,1.9982626
2203,46.669795,2.0630162
2204,43.847457,1.9089596
2205,38.95907,1.6812891
2206,46.409351,2.0525009
2207,43.457636,1.8813859
2208,45.609657,1.9941344
2209,47.220318,2.0849937
2210,46.452817,2.0293372
2211,48.267583,2.1343062
2212,48.844125,2.1642502
2213,48.459261,2.1408833
2214,47.780868,2.1033683
2215,43.37583,1.8816382
2216,40.690433,1.7457655
2217,46.597298,2.0478718
2218,46.523712,2.0361751
2219,47.929855,2.1088743
2220,46.722745,2.0367749
2221,46.606551,2.040242
2222,46.121958,2.019571
2223,46.214064,2.0079049
2224,46.912337,2.0535363
2225,43.72086,1.8941678
2226,44.444883,1.9296491
2227,43.727543,1.8957016
2228,46.390671,2.0313947
2229,46.942169,2.0555164
2230,47.181672,2.0669943
2231,46.329941,2.0252718
2232,43.824361,1.8925217
2233,45.612644,1.98624
2234,45.243303,1.9586186
2235,46.151191,2.0118186
2236,43.042635,1.846465
2237,45.127992,1.9587965
2238,43.723759,1.8914873
2239,45.328919,1.9717698
2240,44.237474,1.9089835
2241,45.220591,1.9605415
2242,44.77923,1.9366938
2243,44.080678,1.9024398
2244,40.806751,1.726464
2245,45.922028,1.9885556
2246,43.43985,1.8692481
2247,39.572086,1.6581311
2248,43.552091,1.8722609
2249,44.942241,1.9379577
2250,43.741016,1.8763162
2251,43.262822,1.8532498
2252,43.655868,1.8705087
2253,43.637813,1.8724823
2254,40.199289,1.6972577
2255,42.777997,1.8228153
2256,42.016354,1.7872716
2257,39.50188,1.6651172
2258,42.143313,1.7839545
2259,44.122726,1.8879355
2260,42.67356,1.8176118
2261,39.795842,1.6701454
2262,36.265186,1.485568
2263,42.231571,1.7912225
2264,39.63886,1.6408261
2265,38.846256,1.6321361
2266,43.33739,1.8451528
2267,43.406187,1.8430177
2268,39.34226,1.6459925
2269,35.281691,1.4558669
2270,41.562544,1.7454843
2271,41.820186,1.7505769
2272,39.404484,1.6388741
2273,41.853638,1.7658022
2274,42.546669,1.7906432
2275,37.922343,1.5573473
2276,35.496552,1.4318812
2277,39.983194,1.6642041
2278,42.239926,1.7761744
2279,42.912653,1.8105437
2280,43.068639,1.8150625
2281,38.193493,1.5691367
2282,39.585921,1.6608045
2283,33.725259,1.353992
2284,37.411906,1.5158135
2285,38.824398,1.5988069
2286,41.851777,1.7561428
2287,40.967076,1.70802
2288,40.62737,1.6946245
2289,38.965855,1.5981914
2290,34.983746,1.3921126
2291,37.349525,1.5304257
2292,35.407682,1.417891
2293,38.216357,1.5771198
2294,37.13571,1.5299481
2295,32.862685,1.3084175
2296,31.556139,1.2855332
2297,38.453233,1.5850649
2298,35.442182,1.4411223
2299,35.638547,1.4367512
2300,35.804872,1.4627922
2301,37.134736,1.5165016
2302,37.706605,1.5428232
2303,38.095418,1.5644012
2304,35.055193,1.4183029
2305,35.772621,1.435557
2306,38.166376,1.5610035
2307,35.741659,1.4194209
2308,38.906347,1.5946077
2309,37.237536,1.5230371
2310,38.542943,1.5671357
2311,40.648761,1.6743056
2312,38.069804,1.5404701
2313,41.231326,1.7026831
2314,40.986212,1.6904368
2315,38.798243,1.5772669
2316,30.658472,1.2261014
2317,24.160704,0.92348983
2318,24.387022,0.96994797
2319,32.720926,1.3149582
2320,34.513613,1.3851141
2321,36.184094,1.4587813
2322,27.206315,1.0694122
2323,25.663304,1.0106108
2324,31.791897,1.2454008
2325,37.72737,1.5362415
2326,35.101619,1.4173826
2327,37.265264,1.5122334
2328,33.913987,1.3686848
2329,35.929109,1.4504601
2330,37.264631,1.4961169
2331,32.207285,1.2695207
2332,32.911721,1.3016961
2333,36.96031,1.4908798
2334,35.699337,1.4324949
2335,32.14287,1.273967
2336,35.341497,1.4160578
2337,37.212645,1.502835
2338,34.600617,1.3818146
2339,29.328317,1.1431561
2340,22.175188,0.88001973
2341,26.799617,1.0429173
2342,26.749417,1.0441601
2343,34.575597,1.377875
2344,33.681554,1.3327004
2345,26.647336,1.0376469
2346,32.099019,1.2538018
2347,27.884186,1.0819807
2348,27.011549,1.0173564
2349,32.118572,1.2553319
2350,25.084858,0.95691822
2351,24.331643,0.91915206
2352,10.37744,0.40800064
2353,25.122027,0.94339086
2354,33.288422,1.3053392
2355,31.716561,1.2433719
2356,27.42347,1.0186934
2357,27.055583,1.0373191
2358,23.8797,0.94108555
2359,27.972313,1.0961457
2360,35.21134,1.3886914
2361,34.793052,1.3725176
2362,31.234306,1.1914117
2363,33.601904,1.3074524
2364,21.159496,0.81725505
2365,32.269466,1.2533803
2366,33.593933,1.3011468
2367,23.810146,0.9425838
2368,29.133829,1.1094805
2369,19.728095,0.74512208
2370,22.419112,0.8267846
2371,6.6086782,0.2954757
2372,20.642274,0.78883601
2373,23.633223,0.89297234
2374,29.123436,1.1123496
2375,30.511589,1.1783374
2376,20.689733,0.79166301
2377,21.200447,0.76466522
2378,13.891233,0.50627929
2379,24.111683,0.88359139
2380,22.321761,0.83854871
2381,21.27457,0.79166798
2382,30.900023,1.1777239
2383,15.135815,0.57623482
2384,8.1469516,0.29209384
2385,24.47644,0.90589178
2386,7.7573704,0.27212171
2387,23.447213,0.8735372
2388,14.354895,0.51228816
2389,27.753447,1.0333149
2390,25.942557,0.95540672
2391,19.549068,0.70399161
2392,16.092141,0.60007562
2393,27.586236,1.0395445
2394,27.587127,1.0100855
2395,24.706461,0.93424372
2396,23.426819,0.86661802
2397,6.6376482,0.25350503
2398,19.891397,0.73036382
2399,27.868781,1.0427424
2400,19.531189,0.7396987
2500,2.8261068,0.10012031
2600,0,0.017364333
2700,0,0.028931363
2800,7.7621646e-05,0.046062304
2900,0.36016078,0.058345645
3000,2.2403691,0.13037326
3100,1.7459966,0.17753998
3200,3.1305499,0.26969884
3300,2.7232211,0.31352752
3400,7.0440386,0.35600143
3500,9.8289786,0.43297884
3600,8.8170872,0.42594325
3700,8.1752203,0.43389379
3800,7.6833983,0.43306425
3900,6.6301498,0.46148226
4000,6.2732079,0.47953055
4100,4.1710307,0.81305011
4200,0.69692543,2.5186568
4300,0,3.5402396
4400,0.00053588029,4.05215
4500,0.22213918,3.3107247
4600,1.7574279,1.9441007
4700,1.8544208,2.1138784
4800,1.1078565,3.4924966
4900,1.071419,4.4070961
5000,0.47624966,6.561815
5100,0.28225383,7.7803593
5200,0.032721928,9.4869355
5300,0.0055846909,10.4845
5400,4.1773033e-05,11.536611
5500,6.6812468e-08,12.481145
5600,0,13.4408
5700,0,14.353497
5800,0,15.282501
5900,0,16.218975
6000,0,17.123411
6100,0,18.023672
6200,0,18.912912
6300,0,19.79113
6400,0,20.724325
6500,0,21.588945
6600,0,22.44441
6700,0,23.251404
6800,0,24.051981
6900,0,24.815832
7000,0,25.57934
7100,0,26.253065
7200,8.5737102e-08,26.93862
7300,4.0619537e-08,27.600813
7400,0.00029250208,27.881569
7500,0.0048869548,28.122242
7600,0.0011176,29.069239
7700,0.016853987,27.169594
7800,0.034507416,26.600819
7900,0.0128947,29.418733
8000,0.11857831,22.320958
8100,0.26075585,14.77212
8200,0.16946213,20.429339
8300,0.24691634,15.417581
8400,0.24694089,14.632815
8500,0.23199224,14.792298
8600,0.26478415,11.406925
8700,0.24943946,11.696647
8800,0.21866389,13.641874
8900,0.24280065,10.293134
9000,0.22616398,11.560343
9100,0.22992535,10.22439
9200,0.21475517,10.847766
9300,0.19555299,11.937843
9400,0.09224732,15.58988
9500,0.032901895,18.132853
9600,0.069134127,14.608421
9700,0.052242151,16.131063
9800,0.060951142,15.095142
9900,0.085942613,13.996695
10000,0.12542677,11.532374
10100,0.15215505,9.7126123
10200,0.1404559,11.756907
10300,0.13113264,12.738823
10400,0.13701241,10.788762
10500,0.11581149,13.634347
10600,0.12070014,12.139059
10700,0.12085029,11.255722
10800,0.10465472,13.567508
10900,0.10693941,12.470581
11000,0.093866547,14.28483
11100,0.10121421,11.715934
11200,0.091644068,13.025171
11300,0.078590172,15.222368
11400,0.083632388,13.499033
11500,0.078263145,13.892495
11600,0.074979318,14.09656
11700,0.056827208,18.353012
11800,0.068412687,14.669663
11900,0.061310309,15.640016
12000,0.065959161,13.74162
12100,0.052550683,16.808396
12200,0.060519014,13.949795
12300,0.047321614,17.272675
12400,0.039727844,19.039096
12500,0.026467019,22.562679
12600,0.023213073,23.268897
12700,0.040611344,17.020117
12800,0.031169158,19.607764
12900,0.026819335,20.773726
13000,0.027534899,19.969868
13100,0.029680835,18.884462
13200,0.017368167,22.665365
13300,0.0083114558,25.571078
13400,0.0060394685,26.309763
13500,0.0019845697,27.608862
13600,0.0026192893,26.739368
13700,0.00146231,27.127881
13800,0.0031254779,25.773781
13900,0.00015405328,27.518605
14000,0.00038885259,27.001825
14100,4.1300206e-05,27.090286
14200,7.8201907e-08,27.006671
14300,0,26.770254
14400,0,26.55143
14500,0,26.326913
14600,0,26.042206
14700,0,25.766854
14800,0,25.494984
14900,0,25.246268
15000,0,24.975127
16000,3.0446828e-05,22.294495
17000,5.7746103e-05,19.820469
18000,8.0582356e-05,17.640878
19000,2.4356784e-05,15.776435
20000,1.892562e-06,14.10241
21000,1.4650463e-07,12.613312
22000,1.0327118e-08,11.275176
23000,0,10.063715
24000,0,9.0196914
25000,0,8.0966756
26000,0,7.2681533
27000,0,6.530995
28000,0,5.8768051
29000,0,5.2998937
30000,0,4.795742
31000,0,4.3583525
32000,0,3.9621496
33000,0,3.6057745
34000,0,3.2844508
35000,0,2.9972044
36000,0,2.7404583
37000,0,2.5113885
38000,0,2.3087244
39000,0,2.1296825
40000,0,1.9593427
41000,0,1.797329
42000,0,1.6668285
43000,0,1.5428742
44000,0,1.4246608
45000,0,1.3222725
46000,0,1.23411
47000,0,1.1501138
48000,0,1.0696495
49000,0,1.0011956
50000,0,0.93591646
