"wl","GSV1","GSV2","GSV3","Kw","nw"
400,0.28689,-0.09483,0.14205,5.8e-05,1.34
401,0.28886,-0.09637,0.14343,5.85e-05,1.34
402,0.29083,-0.09791,0.14478,5.9e-05,1.34
403,0.29283,-0.09943,0.14609,5.99e-05,1.34
404,0.29483,-0.10095,0.14737,6.1e-05,1.34
405,0.29686,-0.10245,0.14862,6.2e-05,1.34
406,0.2989,-0.10395,0.14985,6.3e-05,1.34
407,0.30097,-0.10544,0.15104,6.4e-05,1.34
408,0.30307,-0.10692,0.1522,6.5e-05,1.34
409,0.3052,-0.10839,0.15334,6.6e-05,1.34
410,0.30735,-0.10985,0.15444,6.7e-05,1.34
411,0.30955,-0.11129,0.15552,6.79e-05,1.34
412,0.31178,-0.11273,0.15658,6.9e-05,1.34
413,0.31405,-0.11416,0.15761,7.05e-05,1.34
414,0.31637,-0.11558,0.15862,7.2e-05,1.34
415,0.31873,-0.11698,0.1596,7.31e-05,1.34
416,0.32114,-0.11838,0.16056,7.4e-05,1.34
417,0.32361,-0.11976,0.1615,7.49e-05,1.34
418,0.32612,-0.12113,0.16242,7.6e-05,1.34
419,0.3287,-0.12249,0.16331,7.74e-05,1.34
420,0.33134,-0.12384,0.16419,7.9e-05,1.34
421,0.33404,-0.12518,0.16505,8.06e-05,1.34
422,0.33681,-0.12651,0.16589,8.2e-05,1.34
423,0.33964,-0.12783,0.1667,8.3e-05,1.34
424,0.34255,-0.12914,0.1675,8.4e-05,1.34
425,0.34554,-0.13044,0.16827,8.55e-05,1.34
426,0.3486,-0.13175,0.16902,8.7e-05,1.34
427,0.35174,-0.13305,0.16975,8.8e-05,1.34
428,0.35496,-0.13434,0.17045,8.9e-05,1.34
429,0.35827,-0.13564,0.17113,9.05e-05,1.34
430,0.36167,-0.13694,0.17177,9.2e-05,1.34
431,0.36516,-0.13824,0.1724,9.3e-05,1.34
432,0.36872,-0.13955,0.173,9.4e-05,1.34
433,0.37234,-0.14086,0.17358,9.55e-05,1.34
434,0.376,-0.14217,0.17416,9.7e-05,1.34
435,0.37968,-0.14348,0.17473,9.8e-05,1.34
436,0.38337,-0.14479,0.1753,9.9e-05,1.34
437,0.38705,-0.1461,0.17588,0.000101,1.34
438,0.3907,-0.14741,0.17648,0.000102,1.34
439,0.39431,-0.14871,0.17709,0.000103,1.34
440,0.39785,-0.15002,0.17773,0.000104,1.34
441,0.40132,-0.15132,0.1784,0.000105,1.34
442,0.40471,-0.15262,0.17911,0.000106,1.34
443,0.408,-0.15391,0.17985,0.000107,1.34
444,0.41119,-0.1552,0.18063,0.000108,1.34
445,0.41428,-0.15649,0.18145,0.000109,1.34
446,0.41725,-0.15777,0.18232,0.00011,1.34
447,0.42009,-0.15905,0.18324,0.000111,1.34
448,0.42281,-0.16032,0.1842,0.000112,1.34
449,0.42539,-0.16159,0.18522,0.000113,1.34
450,0.42783,-0.16285,0.18629,0.000114,1.34
451,0.43011,-0.16411,0.18742,0.000115,1.34
452,0.43226,-0.16536,0.1886,0.000116,1.34
453,0.43427,-0.1666,0.18983,0.000117,1.34
454,0.43615,-0.16783,0.1911,0.000118,1.34
455,0.43791,-0.16905,0.1924,0.000119,1.34
456,0.43956,-0.17026,0.19373,0.00012,1.34
457,0.4411,-0.17145,0.19508,0.000121,1.34
458,0.44256,-0.17262,0.19645,0.000122,1.34
459,0.44392,-0.17377,0.19782,0.000123,1.34
460,0.44521,-0.1749,0.1992,0.000124,1.34
461,0.44643,-0.17601,0.20058,0.000125,1.34
462,0.44759,-0.17709,0.20195,0.000126,1.34
463,0.4487,-0.17816,0.20331,0.000127,1.34
464,0.44978,-0.1792,0.20465,0.000128,1.34
465,0.45084,-0.18021,0.20598,0.000129,1.34
466,0.45188,-0.18121,0.20728,0.00013,1.34
467,0.45293,-0.18219,0.20855,0.000132,1.34
468,0.45399,-0.18314,0.20979,0.000133,1.34
469,0.45507,-0.18408,0.211,0.000134,1.33
470,0.4562,-0.18499,0.21216,0.000135,1.33
471,0.45736,-0.18588,0.21328,0.000136,1.33
472,0.45858,-0.18676,0.21435,0.000138,1.33
473,0.45986,-0.18761,0.21537,0.00014,1.33
474,0.4612,-0.18844,0.21634,0.000141,1.33
475,0.46261,-0.18925,0.21726,0.000142,1.33
476,0.46409,-0.19004,0.21814,0.000144,1.33
477,0.46565,-0.19081,0.21896,0.000146,1.33
478,0.46728,-0.19155,0.21972,0.000148,1.33
479,0.46901,-0.19228,0.22044,0.00015,1.33
480,0.47082,-0.19298,0.22109,0.000152,1.33
481,0.47272,-0.19366,0.2217,0.000154,1.33
482,0.47473,-0.19432,0.22224,0.000157,1.33
483,0.47682,-0.19496,0.22273,0.00016,1.33
484,0.47902,-0.19558,0.22317,0.000162,1.33
485,0.48131,-0.19617,0.22355,0.000164,1.33
486,0.4837,-0.19676,0.22388,0.000167,1.33
487,0.48618,-0.19732,0.22415,0.00017,1.33
488,0.48876,-0.19787,0.22437,0.000174,1.33
489,0.49144,-0.1984,0.22454,0.000178,1.33
490,0.49422,-0.19892,0.22466,0.000181,1.33
491,0.4971,-0.19942,0.22473,0.000185,1.33
492,0.50007,-0.19991,0.22476,0.000189,1.33
493,0.50313,-0.2004,0.22475,0.000193,1.33
494,0.50626,-0.20088,0.22471,0.000198,1.33
495,0.50948,-0.20137,0.22464,0.000203,1.33
496,0.51276,-0.20186,0.22456,0.000209,1.33
497,0.5161,-0.20237,0.22446,0.000216,1.33
498,0.5195,-0.20288,0.22436,0.000223,1.33
499,0.52295,-0.20342,0.22427,0.00023,1.33
500,0.52645,-0.20398,0.22418,0.000238,1.33
501,0.52998,-0.20456,0.22411,0.000246,1.33
502,0.53355,-0.20516,0.22404,0.000255,1.33
503,0.53715,-0.20576,0.22397,0.000264,1.33
504,0.54076,-0.20636,0.2239,0.000273,1.33
505,0.5444,-0.20695,0.22382,0.000282,1.33
506,0.54804,-0.20751,0.22371,0.000291,1.33
507,0.55169,-0.20804,0.22357,3e-04,1.33
508,0.55533,-0.20853,0.2234,0.00031,1.33
509,0.55897,-0.20897,0.22318,0.000319,1.33
510,0.5626,-0.20934,0.22291,0.000329,1.33
511,0.56622,-0.20964,0.22258,0.000339,1.33
512,0.56982,-0.20989,0.2222,0.000349,1.33
513,0.57343,-0.21009,0.22179,0.000359,1.33
514,0.57705,-0.21026,0.22134,0.000368,1.33
515,0.5807,-0.21042,0.22087,0.000377,1.33
516,0.58438,-0.21057,0.22038,0.000386,1.33
517,0.5881,-0.21074,0.21989,0.000396,1.33
518,0.59188,-0.21093,0.2194,0.000404,1.33
519,0.59573,-0.21116,0.21892,0.000407,1.33
520,0.59965,-0.21145,0.21847,0.000409,1.33
521,0.60366,-0.2118,0.21804,0.000414,1.33
522,0.60775,-0.2122,0.21763,0.000416,1.33
523,0.61192,-0.21265,0.21721,0.000411,1.33
524,0.61617,-0.21312,0.21678,0.000409,1.33
525,0.62049,-0.2136,0.21633,0.000418,1.33
526,0.62489,-0.21408,0.21582,0.000427,1.33
527,0.62935,-0.21455,0.21526,0.000427,1.33
528,0.63388,-0.21498,0.21461,0.000423,1.33
529,0.63847,-0.21536,0.21388,0.000424,1.33
530,0.64312,-0.21569,0.21304,0.000429,1.33
531,0.64783,-0.21594,0.21208,0.000437,1.33
532,0.65259,-0.21613,0.21101,0.000445,1.33
533,0.65741,-0.21625,0.20984,0.000451,1.33
534,0.66228,-0.21632,0.20858,0.000456,1.33
535,0.66719,-0.21633,0.20725,0.000463,1.33
536,0.67216,-0.21629,0.20584,0.00047,1.33
537,0.67717,-0.21622,0.20438,0.000475,1.33
538,0.68223,-0.2161,0.20287,0.00048,1.33
539,0.68733,-0.21595,0.20133,0.000488,1.33
540,0.69247,-0.21578,0.19976,0.000495,1.33
541,0.69766,-0.21558,0.19818,0.000498,1.33
542,0.70288,-0.21536,0.19657,0.000503,1.33
543,0.70815,-0.21511,0.19494,0.000514,1.33
544,0.71345,-0.21481,0.19327,0.000527,1.33
545,0.71879,-0.21447,0.19155,0.000536,1.33
546,0.72417,-0.21409,0.18979,0.000544,1.33
547,0.72958,-0.21364,0.18796,0.000553,1.33
548,0.73503,-0.21314,0.18606,0.000564,1.33
549,0.74052,-0.21257,0.18409,0.000576,1.33
550,0.74604,-0.21192,0.18204,0.000588,1.33
551,0.75159,-0.2112,0.17989,6e-04,1.33
552,0.75717,-0.2104,0.17766,0.000611,1.33
553,0.76277,-0.20953,0.17535,0.000622,1.33
554,0.76838,-0.20859,0.17296,0.000631,1.33
555,0.77401,-0.20758,0.17051,0.000639,1.33
556,0.77963,-0.20651,0.168,0.000646,1.33
557,0.78524,-0.20537,0.16542,0.000652,1.33
558,0.79085,-0.20417,0.1628,0.000658,1.33
559,0.79643,-0.20291,0.16013,0.000665,1.33
560,0.80199,-0.20159,0.15743,0.000672,1.33
561,0.80752,-0.20022,0.15468,0.000679,1.33
562,0.81301,-0.1988,0.15191,0.000686,1.33
563,0.81847,-0.19733,0.1491,0.000692,1.33
564,0.82389,-0.19579,0.14626,0.000699,1.33
565,0.82927,-0.1942,0.14339,0.000708,1.33
566,0.83461,-0.19256,0.14048,0.000718,1.33
567,0.8399,-0.19085,0.13755,0.000726,1.33
568,0.84515,-0.18909,0.13458,0.000734,1.33
569,0.85036,-0.18726,0.13158,0.000746,1.33
570,0.85551,-0.18538,0.12855,0.000759,1.33
571,0.86061,-0.18343,0.12549,0.000773,1.33
572,0.86565,-0.18143,0.12241,0.000787,1.33
573,0.87062,-0.17938,0.11932,0.000802,1.33
574,0.87549,-0.17728,0.11623,0.000819,1.33
575,0.88026,-0.17515,0.11316,0.000839,1.33
576,0.88491,-0.17298,0.1101,0.000858,1.33
577,0.88944,-0.17078,0.10708,0.000875,1.33
578,0.89382,-0.16857,0.10411,0.000896,1.33
579,0.89805,-0.16633,0.10119,0.000924,1.33
580,0.9021,-0.16409,0.09834,0.000952,1.33
581,0.90598,-0.16185,0.09556,0.000975,1.33
582,0.90969,-0.1596,0.09285,0.001,1.33
583,0.91325,-0.15735,0.09021,0.00104,1.33
584,0.91666,-0.15511,0.08763,0.00108,1.33
585,0.91994,-0.15287,0.08511,0.00112,1.33
586,0.9231,-0.15064,0.08264,0.00116,1.33
587,0.92616,-0.14843,0.08021,0.0012,1.33
588,0.92913,-0.14623,0.07783,0.00125,1.33
589,0.93202,-0.14404,0.07549,0.0013,1.33
590,0.93485,-0.14188,0.07318,0.00136,1.33
591,0.93762,-0.13973,0.0709,0.00141,1.33
592,0.94033,-0.13762,0.06866,0.00146,1.33
593,0.94298,-0.13552,0.06645,0.00151,1.33
594,0.94556,-0.13346,0.06429,0.00157,1.33
595,0.94806,-0.13142,0.06219,0.00164,1.33
596,0.95049,-0.12942,0.06014,0.0017,1.33
597,0.95282,-0.12745,0.05815,0.00176,1.33
598,0.95507,-0.12552,0.05624,0.00186,1.33
599,0.95721,-0.12363,0.0544,0.00204,1.33
600,0.95925,-0.12177,0.05265,0.00222,1.33
601,0.96118,-0.11996,0.05098,0.00232,1.33
602,0.96301,-0.11818,0.0494,0.00237,1.33
603,0.96473,-0.11645,0.04791,0.0024,1.33
604,0.96636,-0.11476,0.04651,0.00245,1.33
605,0.9679,-0.11312,0.0452,0.00252,1.33
606,0.96934,-0.11152,0.04397,0.00259,1.33
607,0.97071,-0.10996,0.04283,0.00263,1.33
608,0.972,-0.10844,0.04179,0.00265,1.33
609,0.97321,-0.10697,0.04083,0.00267,1.33
610,0.97435,-0.10554,0.03996,0.00269,1.33
611,0.97543,-0.10415,0.03917,0.0027,1.33
612,0.97645,-0.1028,0.03847,0.00272,1.33
613,0.9774,-0.10148,0.03783,0.00273,1.33
614,0.97829,-0.10018,0.03725,0.00274,1.33
615,0.97911,-0.09889,0.03672,0.00275,1.33
616,0.97988,-0.0976,0.03623,0.00276,1.33
617,0.98058,-0.0963,0.03577,0.00278,1.33
618,0.98122,-0.095,0.03533,0.00279,1.33
619,0.98181,-0.09367,0.03489,0.0028,1.33
620,0.98233,-0.09231,0.03446,0.00281,1.33
621,0.98279,-0.09092,0.03401,0.00282,1.33
622,0.98321,-0.0895,0.03355,0.00284,1.33
623,0.98359,-0.08804,0.03307,0.00285,1.33
624,0.98394,-0.08656,0.03258,0.00287,1.33
625,0.98427,-0.08505,0.03206,0.00288,1.33
626,0.9846,-0.08353,0.03153,0.00289,1.33
627,0.98492,-0.08199,0.03097,0.00291,1.33
628,0.98526,-0.08043,0.03038,0.00292,1.33
629,0.98563,-0.07887,0.02976,0.00294,1.33
630,0.98603,-0.07731,0.02911,0.00296,1.33
631,0.98646,-0.07575,0.02843,0.00297,1.33
632,0.98694,-0.07419,0.02772,0.00299,1.33
633,0.98745,-0.07263,0.02699,0.003,1.33
634,0.98798,-0.07108,0.02625,0.00301,1.33
635,0.98854,-0.06954,0.02551,0.00302,1.33
636,0.98911,-0.06801,0.02477,0.00304,1.33
637,0.98969,-0.0665,0.02403,0.00306,1.33
638,0.99028,-0.06501,0.02332,0.00308,1.33
639,0.99086,-0.06354,0.02262,0.00309,1.33
640,0.99144,-0.06209,0.02196,0.00311,1.33
641,0.992,-0.06067,0.02133,0.00313,1.33
642,0.99255,-0.05926,0.02074,0.00314,1.33
643,0.99308,-0.05788,0.02017,0.00316,1.33
644,0.9936,-0.05651,0.01964,0.00318,1.33
645,0.99409,-0.05516,0.01913,0.0032,1.33
646,0.99455,-0.05381,0.01865,0.00322,1.33
647,0.99498,-0.05246,0.01818,0.00324,1.33
648,0.99539,-0.05111,0.01773,0.00326,1.33
649,0.99576,-0.04976,0.01729,0.00329,1.33
650,0.9961,-0.0484,0.01687,0.00332,1.33
651,0.9964,-0.04703,0.01645,0.00334,1.33
652,0.99667,-0.04564,0.01603,0.00336,1.33
653,0.99691,-0.04424,0.01562,0.00339,1.33
654,0.99713,-0.04283,0.0152,0.00342,1.33
655,0.99733,-0.04141,0.01478,0.00346,1.33
656,0.99752,-0.03997,0.01435,0.00351,1.33
657,0.99769,-0.03852,0.01391,0.00357,1.33
658,0.99787,-0.03705,0.01345,0.00364,1.33
659,0.99805,-0.03556,0.01297,0.00371,1.33
660,0.99823,-0.03406,0.01248,0.00379,1.33
661,0.99843,-0.03254,0.01196,0.00387,1.33
662,0.99863,-0.03101,0.01142,0.00393,1.33
663,0.99884,-0.02946,0.01086,0.00398,1.33
664,0.99905,-0.02788,0.01029,0.00402,1.33
665,0.99925,-0.02629,0.0097,0.00405,1.33
666,0.99944,-0.02469,0.0091,0.00407,1.33
667,0.99962,-0.02306,0.00849,0.00409,1.33
668,0.99978,-0.02141,0.00787,0.0041,1.33
669,0.99992,-0.01974,0.00724,0.00411,1.33
670,1,-0.01806,0.00662,0.00412,1.33
671,1.0001,-0.01635,0.00599,0.00414,1.33
672,1.0002,-0.01462,0.00536,0.00415,1.33
673,1.0002,-0.01287,0.00473,0.00416,1.33
674,1.0002,-0.01109,0.00408,0.00417,1.33
675,1.0002,-0.0093,0.00344,0.0042,1.33
676,1.0002,-0.00748,0.00278,0.00422,1.33
677,1.0002,-0.00565,0.00211,0.00425,1.33
678,1.0001,-0.00379,0.00142,0.00427,1.33
679,1.0001,-0.0019,0.00072,0.00429,1.33
680,1,0,0,0.00432,1.33
681,0.99994,0.00193,-0.00074,0.00435,1.33
682,0.99987,0.00388,-0.00149,0.00438,1.33
683,0.9998,0.00584,-0.00227,0.00442,1.33
684,0.99973,0.00783,-0.00306,0.00446,1.33
685,0.99966,0.00984,-0.00387,0.0045,1.33
686,0.99959,0.01186,-0.00469,0.00455,1.33
687,0.99951,0.01389,-0.00553,0.00459,1.33
688,0.99943,0.01594,-0.00638,0.00465,1.33
689,0.99935,0.018,-0.00724,0.0047,1.33
690,0.99926,0.02007,-0.00812,0.00476,1.33
691,0.99917,0.02216,-0.009,0.00483,1.33
692,0.99908,0.02425,-0.00989,0.0049,1.33
693,0.99899,0.02634,-0.0108,0.00499,1.33
694,0.99889,0.02845,-0.01171,0.00507,1.33
695,0.99878,0.03057,-0.01262,0.00515,1.33
696,0.99867,0.03269,-0.01354,0.00524,1.33
697,0.99855,0.03482,-0.01447,0.00535,1.33
698,0.99842,0.03696,-0.0154,0.00547,1.33
699,0.99828,0.03911,-0.01633,0.00559,1.33
700,0.99813,0.04126,-0.01726,0.00572,1.33
701,0.99796,0.04342,-0.0182,0.00586,1.33
702,0.99779,0.04559,-0.01913,0.006,1.33
703,0.99761,0.04777,-0.02007,0.00615,1.33
704,0.99742,0.04994,-0.02101,0.0063,1.33
705,0.99723,0.05213,-0.02194,0.00646,1.33
706,0.99703,0.05432,-0.02288,0.00663,1.33
707,0.99683,0.05651,-0.02382,0.0068,1.33
708,0.99663,0.0587,-0.02476,0.00699,1.33
709,0.99643,0.0609,-0.02571,0.0072,1.33
710,0.99623,0.06309,-0.02665,0.00742,1.33
711,0.99604,0.06529,-0.0276,0.00765,1.33
712,0.99585,0.06749,-0.02854,0.00789,1.33
713,0.99566,0.06968,-0.02948,0.00816,1.33
714,0.99546,0.07187,-0.03041,0.00845,1.33
715,0.99526,0.07405,-0.03132,0.00876,1.33
716,0.99505,0.07622,-0.03222,0.00911,1.33
717,0.99482,0.07838,-0.0331,0.00948,1.33
718,0.99457,0.08053,-0.03395,0.00987,1.33
719,0.99431,0.08266,-0.03477,0.0103,1.33
720,0.99402,0.08477,-0.03556,0.0107,1.33
721,0.99371,0.08686,-0.03632,0.0112,1.33
722,0.99337,0.08894,-0.03704,0.0117,1.33
723,0.99301,0.09099,-0.03773,0.0122,1.33
724,0.99263,0.09302,-0.0384,0.0127,1.33
725,0.99223,0.09504,-0.03903,0.0132,1.33
726,0.99181,0.09704,-0.03964,0.0137,1.33
727,0.99137,0.09903,-0.04024,0.0143,1.33
728,0.99092,0.101,-0.04081,0.0149,1.33
729,0.99045,0.10295,-0.04136,0.0155,1.33
730,0.98997,0.1049,-0.0419,0.0162,1.33
731,0.98948,0.10683,-0.04243,0.017,1.33
732,0.98898,0.10874,-0.04294,0.0179,1.33
733,0.98846,0.11064,-0.04343,0.0189,1.33
734,0.98793,0.11253,-0.04391,0.0199,1.33
735,0.98739,0.1144,-0.04436,0.021,1.33
736,0.98683,0.11625,-0.04479,0.0221,1.33
737,0.98625,0.11808,-0.04519,0.0231,1.33
738,0.98565,0.1199,-0.04556,0.0239,1.33
739,0.98504,0.12169,-0.0459,0.0247,1.33
740,0.9844,0.12347,-0.04621,0.0253,1.33
741,0.98375,0.12522,-0.04648,0.0258,1.33
742,0.98307,0.12694,-0.04671,0.0262,1.33
743,0.98237,0.12865,-0.04691,0.0265,1.33
744,0.98164,0.13033,-0.04707,0.0267,1.33
745,0.98089,0.13198,-0.04718,0.0269,1.33
746,0.98011,0.13361,-0.04726,0.027,1.33
747,0.97929,0.1352,-0.04729,0.0271,1.33
748,0.97845,0.13677,-0.04728,0.0272,1.33
749,0.97758,0.13831,-0.04723,0.0273,1.33
750,0.97667,0.13982,-0.04713,0.0273,1.33
751,0.97572,0.1413,-0.04699,0.0274,1.33
752,0.97474,0.14274,-0.0468,0.0274,1.33
753,0.97373,0.14416,-0.04657,0.0275,1.33
754,0.97268,0.14554,-0.0463,0.0275,1.33
755,0.97161,0.1469,-0.04599,0.0275,1.33
756,0.9705,0.14823,-0.04564,0.0275,1.33
757,0.96937,0.14954,-0.04526,0.0276,1.33
758,0.96821,0.15082,-0.04483,0.0276,1.33
759,0.96703,0.15208,-0.04437,0.0277,1.33
760,0.96582,0.15331,-0.04388,0.0277,1.33
761,0.96459,0.15452,-0.04335,0.0277,1.33
762,0.96334,0.15571,-0.04279,0.0277,1.33
763,0.96207,0.15688,-0.04219,0.0277,1.33
764,0.96077,0.15803,-0.04157,0.0277,1.33
765,0.95945,0.15915,-0.04091,0.0277,1.33
766,0.95811,0.16025,-0.04022,0.0277,1.33
767,0.95674,0.16134,-0.0395,0.0277,1.33
768,0.95534,0.1624,-0.03874,0.0276,1.33
769,0.95393,0.16344,-0.03796,0.0276,1.33
770,0.95249,0.16445,-0.03714,0.0275,1.33
771,0.95102,0.16545,-0.03629,0.0275,1.33
772,0.94952,0.16643,-0.03542,0.0275,1.33
773,0.948,0.16739,-0.03451,0.0274,1.33
774,0.94645,0.16833,-0.03357,0.0273,1.33
775,0.94486,0.16925,-0.03259,0.0272,1.33
776,0.94325,0.17015,-0.03159,0.0271,1.33
777,0.94159,0.17104,-0.03055,0.027,1.33
778,0.9399,0.17191,-0.02948,0.0269,1.33
779,0.93818,0.17277,-0.02838,0.0268,1.33
780,0.93641,0.17361,-0.02725,0.0266,1.33
781,0.9346,0.17444,-0.02608,0.0265,1.33
782,0.93276,0.17526,-0.02488,0.0263,1.33
783,0.93088,0.17605,-0.02365,0.0262,1.33
784,0.92898,0.17683,-0.0224,0.0261,1.33
785,0.92707,0.17759,-0.02113,0.0259,1.33
786,0.92514,0.17833,-0.01984,0.0256,1.33
787,0.9232,0.17904,-0.01853,0.0252,1.33
788,0.92126,0.17973,-0.01721,0.0251,1.33
789,0.91932,0.18038,-0.01587,0.025,1.33
790,0.9174,0.18101,-0.01454,0.0247,1.33
791,0.91549,0.18161,-0.01319,0.0245,1.33
792,0.91359,0.18219,-0.01184,0.0241,1.33
793,0.9117,0.18273,-0.01049,0.0239,1.33
794,0.90982,0.18325,-0.00913,0.0237,1.33
795,0.90794,0.18376,-0.00777,0.0236,1.33
796,0.90607,0.18424,-0.00641,0.0234,1.33
797,0.9042,0.18471,-0.00504,0.0232,1.33
798,0.90233,0.18517,-0.00367,0.023,1.33
799,0.90045,0.18562,-0.00229,0.0228,1.33
800,0.89857,0.18606,-0.00092,0.0225,1.33
801,0.89667,0.1865,0.00046,0.0224,1.33
802,0.89477,0.18693,0.00184,0.0224,1.33
803,0.89285,0.18737,0.00323,0.0222,1.33
804,0.89092,0.1878,0.00461,0.022,1.33
805,0.88897,0.18823,0.006,0.022,1.33
806,0.887,0.18866,0.00739,0.022,1.33
807,0.88501,0.1891,0.00879,0.022,1.33
808,0.883,0.18954,0.01019,0.0218,1.33
809,0.88096,0.18998,0.0116,0.0219,1.33
810,0.87889,0.19043,0.013,0.0219,1.33
811,0.8768,0.19089,0.01442,0.0219,1.33
812,0.87468,0.19135,0.01583,0.022,1.33
813,0.87254,0.19182,0.01725,0.0221,1.33
814,0.87038,0.19228,0.01867,0.0222,1.33
815,0.8682,0.19276,0.02009,0.0223,1.33
816,0.86601,0.19323,0.02151,0.0225,1.33
817,0.86382,0.1937,0.02292,0.0228,1.33
818,0.86162,0.19416,0.02433,0.023,1.33
819,0.85942,0.19463,0.02574,0.0231,1.33
820,0.85722,0.19509,0.02714,0.0233,1.33
821,0.85503,0.19554,0.02854,0.0239,1.33
822,0.85284,0.19599,0.02992,0.0245,1.33
823,0.85065,0.19644,0.0313,0.0248,1.33
824,0.84846,0.1969,0.03268,0.0252,1.33
825,0.84627,0.19736,0.03405,0.0262,1.33
826,0.84407,0.19782,0.03541,0.0277,1.33
827,0.84186,0.1983,0.03676,0.0283,1.33
828,0.83963,0.1988,0.03811,0.0291,1.33
829,0.83739,0.19931,0.03946,0.0311,1.33
830,0.83513,0.19984,0.04079,0.0321,1.33
831,0.83286,0.20039,0.04212,0.033,1.33
832,0.83056,0.20096,0.04345,0.0346,1.33
833,0.82825,0.20156,0.04477,0.0361,1.33
834,0.82592,0.20217,0.04608,0.0366,1.33
835,0.82357,0.2028,0.04738,0.037,1.33
836,0.82122,0.20344,0.04868,0.0379,1.33
837,0.81885,0.2041,0.04997,0.0383,1.33
838,0.81648,0.20477,0.05125,0.0385,1.33
839,0.81409,0.20545,0.05252,0.0391,1.33
840,0.81171,0.20614,0.05378,0.0395,1.33
841,0.80931,0.20683,0.05504,0.0397,1.33
842,0.80692,0.20753,0.05628,0.04,1.33
843,0.80452,0.20824,0.05751,0.0404,1.33
844,0.80212,0.20895,0.05874,0.0406,1.33
845,0.79972,0.20966,0.05995,0.0408,1.33
846,0.79732,0.21039,0.06115,0.0412,1.33
847,0.79492,0.21111,0.06234,0.0413,1.33
848,0.79252,0.21185,0.06352,0.0415,1.33
849,0.79013,0.21258,0.06469,0.042,1.33
850,0.78774,0.21333,0.06585,0.042,1.33
851,0.78535,0.21407,0.067,0.0422,1.33
852,0.78297,0.21482,0.06813,0.0425,1.33
853,0.78059,0.21558,0.06926,0.0427,1.33
854,0.77822,0.21635,0.07037,0.0428,1.33
855,0.77585,0.21712,0.07146,0.0431,1.33
856,0.77348,0.2179,0.07255,0.0436,1.33
857,0.77112,0.21869,0.07362,0.0437,1.33
858,0.76876,0.2195,0.07468,0.0438,1.33
859,0.76641,0.22031,0.07572,0.0443,1.33
860,0.76405,0.22114,0.07675,0.0445,1.33
861,0.7617,0.22199,0.07776,0.0447,1.33
862,0.75936,0.22285,0.07876,0.0451,1.33
863,0.75702,0.22372,0.07974,0.0453,1.33
864,0.75468,0.2246,0.08071,0.0455,1.33
865,0.75236,0.22549,0.08167,0.0461,1.33
866,0.75005,0.22639,0.08261,0.0466,1.33
867,0.74776,0.2273,0.08354,0.0469,1.33
868,0.74547,0.22822,0.08446,0.0471,1.33
869,0.74321,0.22915,0.08536,0.0471,1.33
870,0.74096,0.23008,0.08625,0.0475,1.33
871,0.73874,0.23102,0.08713,0.0483,1.33
872,0.73653,0.23197,0.088,0.0487,1.33
873,0.73435,0.23292,0.08885,0.0489,1.33
874,0.73218,0.23387,0.08969,0.0496,1.33
875,0.73003,0.23484,0.09052,0.0501,1.33
876,0.72789,0.23581,0.09133,0.0505,1.33
877,0.72577,0.23678,0.09213,0.0512,1.33
878,0.72366,0.23777,0.09292,0.0515,1.33
879,0.72156,0.23876,0.09369,0.052,1.33
880,0.71948,0.23976,0.09445,0.053,1.33
881,0.7174,0.24077,0.09519,0.0535,1.33
882,0.71534,0.24178,0.09592,0.0539,1.33
883,0.71329,0.24281,0.09663,0.0547,1.33
884,0.71124,0.24384,0.09733,0.0553,1.33
885,0.70921,0.24488,0.09802,0.0557,1.33
886,0.70718,0.24594,0.09869,0.056,1.33
887,0.70516,0.247,0.09935,0.0565,1.33
888,0.70315,0.24807,0.09999,0.0575,1.33
889,0.70114,0.24915,0.10062,0.0579,1.33
890,0.69915,0.25024,0.10123,0.0583,1.33
891,0.69716,0.25134,0.10183,0.0592,1.33
892,0.69517,0.25246,0.10241,0.0598,1.33
893,0.69319,0.25357,0.10299,0.0601,1.33
894,0.69123,0.2547,0.10355,0.0604,1.33
895,0.68926,0.25583,0.1041,0.0609,1.33
896,0.68731,0.25697,0.10465,0.0619,1.33
897,0.68537,0.25811,0.10518,0.0623,1.33
898,0.68343,0.25926,0.10572,0.0627,1.33
899,0.6815,0.2604,0.10624,0.0636,1.33
900,0.67959,0.26155,0.10677,0.0641,1.33
901,0.67768,0.26269,0.10729,0.0646,1.33
902,0.67578,0.26384,0.1078,0.0656,1.33
903,0.6739,0.26499,0.10831,0.0664,1.33
904,0.67202,0.26614,0.10881,0.0667,1.33
905,0.67016,0.2673,0.1093,0.067,1.33
906,0.66831,0.26847,0.10978,0.0677,1.33
907,0.66647,0.26965,0.11024,0.069,1.33
908,0.66464,0.27084,0.11068,0.0699,1.33
909,0.66283,0.27204,0.11111,0.0704,1.33
910,0.66103,0.27325,0.11151,0.0709,1.33
911,0.65924,0.27448,0.11189,0.0719,1.33
912,0.65747,0.27573,0.11225,0.0736,1.33
913,0.65571,0.27699,0.11259,0.0749,1.33
914,0.65396,0.27827,0.1129,0.0756,1.33
915,0.65222,0.27956,0.1132,0.0763,1.33
916,0.6505,0.28087,0.11347,0.0779,1.33
917,0.64878,0.28218,0.11373,0.0809,1.33
918,0.64708,0.28351,0.11397,0.0829,1.33
919,0.64538,0.28485,0.11419,0.0841,1.33
920,0.6437,0.2862,0.1144,0.0853,1.33
921,0.64202,0.28756,0.11459,0.088,1.33
922,0.64035,0.28892,0.11476,0.0927,1.33
923,0.63868,0.2903,0.11492,0.0958,1.33
924,0.63703,0.29169,0.11507,0.0982,1.33
925,0.63537,0.29308,0.11521,0.101,1.33
926,0.63372,0.29448,0.11534,0.104,1.33
927,0.63207,0.29589,0.11546,0.107,1.33
928,0.63043,0.2973,0.11557,0.111,1.33
929,0.62878,0.29872,0.11568,0.119,1.33
930,0.62713,0.30014,0.11579,0.125,1.33
931,0.62548,0.30157,0.11589,0.128,1.33
932,0.62383,0.303,0.11599,0.133,1.33
933,0.62217,0.30444,0.11608,0.137,1.33
934,0.62052,0.30587,0.11618,0.141,1.33
935,0.61887,0.3073,0.11628,0.147,1.33
936,0.61722,0.30873,0.11638,0.156,1.33
937,0.61557,0.31016,0.11648,0.164,1.33
938,0.61393,0.31158,0.11658,0.169,1.33
939,0.61229,0.31299,0.11668,0.173,1.33
940,0.61066,0.3144,0.1168,0.182,1.33
941,0.60903,0.31579,0.11691,0.196,1.33
942,0.6074,0.31719,0.11703,0.205,1.33
943,0.60577,0.31858,0.11714,0.211,1.33
944,0.60415,0.31998,0.11724,0.219,1.33
945,0.60252,0.3214,0.11733,0.229,1.33
946,0.60088,0.32284,0.1174,0.239,1.33
947,0.59924,0.3243,0.11745,0.247,1.33
948,0.59758,0.32579,0.11748,0.254,1.33
949,0.59591,0.32732,0.11747,0.27,1.33
950,0.59423,0.3289,0.11743,0.298,1.33
951,0.59253,0.33052,0.11735,0.315,1.33
952,0.59082,0.33218,0.11723,0.327,1.33
953,0.58911,0.33386,0.1171,0.344,1.33
954,0.58741,0.33557,0.11694,0.362,1.33
955,0.58573,0.33727,0.11677,0.379,1.33
956,0.58408,0.33898,0.1166,0.393,1.33
957,0.58247,0.34066,0.11643,0.407,1.33
958,0.5809,0.34231,0.11628,0.418,1.33
959,0.57939,0.34392,0.11614,0.427,1.33
960,0.57795,0.34549,0.11603,0.439,1.33
961,0.57657,0.34699,0.11595,0.454,1.33
962,0.57523,0.34846,0.11589,0.461,1.33
963,0.5739,0.34992,0.11583,0.463,1.33
964,0.57254,0.35141,0.11577,0.466,1.33
965,0.57111,0.35294,0.11569,0.47,1.33
966,0.56959,0.35455,0.11556,0.473,1.33
967,0.56793,0.35627,0.11539,0.476,1.33
968,0.5661,0.35811,0.11516,0.477,1.33
969,0.56406,0.36012,0.11485,0.479,1.33
970,0.56178,0.36232,0.11445,0.48,1.33
971,0.55925,0.36473,0.11395,0.481,1.33
972,0.55649,0.36731,0.11336,0.483,1.33
973,0.55358,0.37003,0.11269,0.484,1.33
974,0.55056,0.37285,0.11197,0.486,1.33
975,0.54749,0.37573,0.1112,0.487,1.33
976,0.54444,0.37862,0.11041,0.487,1.33
977,0.54145,0.3815,0.1096,0.486,1.33
978,0.53859,0.38432,0.1088,0.486,1.33
979,0.53591,0.38703,0.10801,0.484,1.33
980,0.53348,0.38961,0.10726,0.482,1.33
981,0.53132,0.39202,0.10655,0.48,1.33
982,0.52942,0.39427,0.10589,0.479,1.33
983,0.52774,0.3964,0.10526,0.476,1.33
984,0.52624,0.39841,0.10466,0.474,1.33
985,0.52488,0.40034,0.10409,0.471,1.33
986,0.52364,0.40221,0.10352,0.468,1.33
987,0.52245,0.40403,0.10297,0.464,1.33
988,0.5213,0.40585,0.10242,0.46,1.33
989,0.52013,0.40767,0.10186,0.457,1.33
990,0.51892,0.40952,0.1013,0.453,1.33
991,0.51763,0.41142,0.10071,0.448,1.33
992,0.51626,0.41337,0.10011,0.443,1.33
993,0.51483,0.41536,0.09949,0.44,1.33
994,0.51334,0.41739,0.09886,0.436,1.33
995,0.51182,0.41945,0.09822,0.432,1.33
996,0.51026,0.42153,0.09756,0.427,1.33
997,0.50868,0.42363,0.0969,0.422,1.33
998,0.50709,0.42574,0.09623,0.417,1.33
999,0.5055,0.42786,0.09555,0.412,1.33
1000,0.50392,0.42997,0.09486,0.407,1.33
1001,0.50237,0.43208,0.09417,0.402,1.33
1002,0.50083,0.43418,0.09348,0.396,1.33
1003,0.49932,0.43627,0.09279,0.392,1.33
1004,0.49782,0.43836,0.09209,0.387,1.33
1005,0.49634,0.44045,0.09138,0.382,1.33
1006,0.49486,0.44254,0.09067,0.376,1.33
1007,0.4934,0.44463,0.08996,0.37,1.33
1008,0.49194,0.44672,0.08925,0.364,1.33
1009,0.49049,0.44881,0.08853,0.358,1.33
1010,0.48904,0.45091,0.08781,0.352,1.33
1011,0.48759,0.45301,0.08708,0.346,1.33
1012,0.48614,0.45512,0.08635,0.34,1.33
1013,0.48469,0.45723,0.08561,0.335,1.33
1014,0.48323,0.45936,0.08486,0.33,1.33
1015,0.48178,0.46149,0.08411,0.324,1.33
1016,0.48031,0.46364,0.08334,0.319,1.33
1017,0.47885,0.46579,0.08257,0.314,1.33
1018,0.47737,0.46796,0.08178,0.309,1.33
1019,0.47589,0.47015,0.08098,0.302,1.33
1020,0.4744,0.47234,0.08017,0.296,1.33
1021,0.47291,0.47456,0.07933,0.29,1.33
1022,0.47141,0.47678,0.07849,0.284,1.33
1023,0.4699,0.47902,0.07763,0.278,1.33
1024,0.46839,0.48126,0.07676,0.272,1.33
1025,0.46688,0.48351,0.07588,0.267,1.33
1026,0.46537,0.48577,0.075,0.262,1.33
1027,0.46386,0.48802,0.0741,0.257,1.33
1028,0.46235,0.49028,0.0732,0.251,1.33
1029,0.46086,0.49252,0.0723,0.244,1.33
1030,0.45937,0.49477,0.0714,0.239,1.33
1031,0.45788,0.497,0.0705,0.236,1.33
1032,0.45641,0.49922,0.06959,0.233,1.33
1033,0.45495,0.50144,0.06869,0.23,1.33
1034,0.45349,0.50364,0.06778,0.225,1.33
1035,0.45204,0.50584,0.06688,0.22,1.33
1036,0.45059,0.50803,0.06598,0.215,1.33
1037,0.44916,0.51021,0.06507,0.211,1.33
1038,0.44773,0.51239,0.06417,0.206,1.33
1039,0.4463,0.51456,0.06327,0.202,1.33
1040,0.44488,0.51672,0.06237,0.198,1.33
1041,0.44346,0.51887,0.06146,0.194,1.33
1042,0.44204,0.52102,0.06056,0.19,1.33
1043,0.44063,0.52316,0.05966,0.187,1.33
1044,0.43923,0.5253,0.05876,0.184,1.33
1045,0.43783,0.52743,0.05786,0.182,1.33
1046,0.43644,0.52956,0.05696,0.179,1.33
1047,0.43505,0.53168,0.05607,0.175,1.33
1048,0.43367,0.5338,0.05517,0.172,1.33
1049,0.4323,0.53592,0.05427,0.169,1.33
1050,0.43093,0.53803,0.05338,0.166,1.33
1051,0.42957,0.54014,0.05248,0.164,1.33
1052,0.42822,0.54225,0.05159,0.161,1.33
1053,0.42688,0.54435,0.05069,0.159,1.33
1054,0.42555,0.54646,0.0498,0.156,1.33
1055,0.42422,0.54856,0.0489,0.155,1.33
1056,0.42291,0.55066,0.048,0.153,1.33
1057,0.4216,0.55275,0.0471,0.152,1.33
1058,0.42031,0.55485,0.0462,0.151,1.33
1059,0.41902,0.55695,0.04529,0.15,1.33
1060,0.41775,0.55904,0.04437,0.148,1.33
1061,0.41649,0.56114,0.04346,0.146,1.33
1062,0.41523,0.56323,0.04253,0.145,1.33
1063,0.41399,0.56533,0.04161,0.144,1.33
1064,0.41275,0.56742,0.04067,0.144,1.33
1065,0.41152,0.56952,0.03974,0.143,1.33
1066,0.4103,0.57162,0.03879,0.143,1.33
1067,0.40908,0.57372,0.03785,0.142,1.33
1068,0.40786,0.57583,0.0369,0.141,1.33
1069,0.40665,0.57793,0.03594,0.141,1.33
1070,0.40544,0.58004,0.03498,0.141,1.33
1071,0.40424,0.58216,0.03402,0.141,1.33
1072,0.40303,0.58428,0.03305,0.141,1.33
1073,0.40182,0.5864,0.03208,0.141,1.33
1074,0.40062,0.58853,0.0311,0.141,1.33
1075,0.39942,0.59067,0.03012,0.141,1.33
1076,0.39821,0.59282,0.02913,0.143,1.33
1077,0.39701,0.59497,0.02813,0.144,1.33
1078,0.39581,0.59713,0.02712,0.144,1.33
1079,0.39461,0.59929,0.0261,0.144,1.33
1080,0.39341,0.60147,0.02507,0.144,1.33
1081,0.39221,0.60366,0.02404,0.146,1.33
1082,0.39101,0.60585,0.02299,0.148,1.33
1083,0.38981,0.60805,0.02194,0.15,1.33
1084,0.38861,0.61026,0.02088,0.152,1.33
1085,0.38742,0.61247,0.01981,0.153,1.33
1086,0.38622,0.61469,0.01873,0.155,1.33
1087,0.38503,0.61691,0.01765,0.156,1.33
1088,0.38384,0.61913,0.01656,0.158,1.33
1089,0.38266,0.62135,0.01547,0.16,1.33
1090,0.38148,0.62358,0.01438,0.163,1.33
1091,0.3803,0.6258,0.01329,0.166,1.33
1092,0.37912,0.62801,0.01219,0.168,1.33
1093,0.37795,0.63023,0.01109,0.169,1.33
1094,0.37679,0.63245,0.00999,0.171,1.33
1095,0.37562,0.63466,0.00888,0.174,1.33
1096,0.37446,0.63687,0.00777,0.178,1.33
1097,0.37331,0.63908,0.00666,0.182,1.33
1098,0.37216,0.64129,0.00555,0.187,1.33
1099,0.37101,0.6435,0.00443,0.189,1.33
1100,0.36987,0.64571,0.00331,0.191,1.33
1101,0.36872,0.64792,0.00219,0.193,1.33
1102,0.36759,0.65013,0.00106,0.197,1.33
1103,0.36646,0.65234,-7e-05,0.201,1.33
1104,0.36533,0.65454,-0.0012,0.203,1.33
1105,0.3642,0.65675,-0.00233,0.205,1.33
1106,0.36308,0.65895,-0.00346,0.208,1.33
1107,0.36196,0.66116,-0.0046,0.212,1.33
1108,0.36085,0.66336,-0.00573,0.217,1.33
1109,0.35974,0.66557,-0.00686,0.22,1.33
1110,0.35864,0.66777,-0.008,0.222,1.33
1111,0.35754,0.66998,-0.00913,0.225,1.33
1112,0.35644,0.67218,-0.01026,0.23,1.33
1113,0.35535,0.67438,-0.01139,0.234,1.33
1114,0.35426,0.67659,-0.01251,0.235,1.33
1115,0.35317,0.67879,-0.01364,0.234,1.33
1116,0.35209,0.68099,-0.01476,0.235,1.33
1117,0.351,0.68318,-0.01588,0.24,1.33
1118,0.34992,0.68538,-0.017,0.245,1.33
1119,0.34885,0.68757,-0.01811,0.249,1.33
1120,0.34777,0.68976,-0.01923,0.253,1.33
1121,0.34669,0.69194,-0.02034,0.258,1.33
1122,0.34562,0.69412,-0.02145,0.265,1.33
1123,0.34454,0.6963,-0.02256,0.272,1.33
1124,0.34347,0.69848,-0.02366,0.277,1.33
1125,0.34239,0.70065,-0.02476,0.281,1.33
1126,0.34132,0.70282,-0.02587,0.289,1.33
1127,0.34025,0.70499,-0.02697,0.302,1.33
1128,0.33917,0.70715,-0.02807,0.316,1.33
1129,0.3381,0.70931,-0.02917,0.327,1.33
1130,0.33702,0.71147,-0.03027,0.338,1.33
1131,0.33594,0.71363,-0.03138,0.353,1.33
1132,0.33486,0.71579,-0.03248,0.377,1.33
1133,0.33378,0.71794,-0.03357,0.404,1.33
1134,0.3327,0.72008,-0.03466,0.428,1.33
1135,0.33161,0.72221,-0.03575,0.45,1.33
1136,0.33051,0.72434,-0.03682,0.471,1.33
1137,0.32942,0.72645,-0.03788,0.493,1.33
1138,0.32831,0.72855,-0.03893,0.52,1.33
1139,0.3272,0.73064,-0.03996,0.557,1.33
1140,0.32609,0.7327,-0.04098,0.605,1.33
1141,0.32496,0.73476,-0.04197,0.652,1.33
1142,0.32383,0.73679,-0.04295,0.686,1.33
1143,0.3227,0.73881,-0.04391,0.716,1.33
1144,0.32156,0.74081,-0.04486,0.754,1.33
1145,0.32042,0.74281,-0.0458,0.806,1.33
1146,0.31927,0.74479,-0.04673,0.86,1.33
1147,0.31813,0.74676,-0.04765,0.898,1.33
1148,0.31698,0.74872,-0.04856,0.925,1.33
1149,0.31584,0.75067,-0.04947,0.949,1.33
1150,0.3147,0.75261,-0.05038,0.977,1.33
1151,0.31357,0.75455,-0.05129,1.01,1.33
1152,0.31243,0.75649,-0.0522,1.04,1.33
1153,0.31131,0.75842,-0.05311,1.07,1.33
1154,0.31018,0.76036,-0.05403,1.1,1.33
1155,0.30907,0.7623,-0.05495,1.12,1.33
1156,0.30796,0.76424,-0.05589,1.13,1.33
1157,0.30685,0.76619,-0.05684,1.14,1.33
1158,0.30575,0.76815,-0.0578,1.15,1.33
1159,0.30466,0.77012,-0.05877,1.16,1.33
1160,0.30358,0.77211,-0.05976,1.17,1.33
1161,0.30251,0.77411,-0.06077,1.18,1.33
1162,0.30144,0.77612,-0.0618,1.19,1.33
1163,0.30038,0.77815,-0.06284,1.19,1.33
1164,0.29933,0.78018,-0.06389,1.2,1.33
1165,0.29828,0.78221,-0.06494,1.2,1.33
1166,0.29725,0.78425,-0.06601,1.2,1.33
1167,0.29622,0.78628,-0.06707,1.2,1.33
1168,0.29519,0.78831,-0.06813,1.21,1.33
1169,0.29417,0.79034,-0.06918,1.21,1.33
1170,0.29316,0.79235,-0.07023,1.21,1.33
1171,0.29215,0.79435,-0.07127,1.21,1.33
1172,0.29115,0.79634,-0.0723,1.22,1.33
1173,0.29015,0.79831,-0.07331,1.23,1.33
1174,0.28916,0.80027,-0.07432,1.23,1.33
1175,0.28817,0.80222,-0.07531,1.23,1.33
1176,0.28719,0.80416,-0.07629,1.23,1.33
1177,0.28621,0.80607,-0.07725,1.23,1.33
1178,0.28523,0.80798,-0.0782,1.23,1.33
1179,0.28426,0.80987,-0.07914,1.24,1.33
1180,0.28329,0.81174,-0.08006,1.24,1.33
1181,0.28233,0.8136,-0.08096,1.24,1.33
1182,0.28136,0.81544,-0.08186,1.24,1.33
1183,0.2804,0.81727,-0.08274,1.25,1.33
1184,0.27945,0.8191,-0.08361,1.25,1.33
1185,0.27849,0.82091,-0.08448,1.26,1.33
1186,0.27754,0.82272,-0.08534,1.26,1.33
1187,0.27659,0.82453,-0.08621,1.26,1.33
1188,0.27564,0.82634,-0.08707,1.26,1.33
1189,0.2747,0.82815,-0.08794,1.27,1.33
1190,0.27375,0.82996,-0.08882,1.27,1.33
1191,0.27281,0.83178,-0.0897,1.27,1.33
1192,0.27187,0.8336,-0.09059,1.27,1.33
1193,0.27093,0.83542,-0.09149,1.28,1.33
1194,0.26999,0.83725,-0.09239,1.28,1.32
1195,0.26905,0.83907,-0.0933,1.28,1.32
1196,0.26812,0.84089,-0.0942,1.28,1.32
1197,0.26719,0.84271,-0.0951,1.28,1.32
1198,0.26626,0.84452,-0.096,1.28,1.32
1199,0.26533,0.84632,-0.09689,1.28,1.32
1200,0.26441,0.84811,-0.09778,1.27,1.32
1201,0.26348,0.8499,-0.09866,1.27,1.32
1202,0.26256,0.85167,-0.09953,1.27,1.32
1203,0.26164,0.85343,-0.10039,1.27,1.33
1204,0.26072,0.85518,-0.10124,1.27,1.33
1205,0.2598,0.85692,-0.10208,1.27,1.33
1206,0.25887,0.85865,-0.10291,1.27,1.33
1207,0.25795,0.86037,-0.10374,1.26,1.33
1208,0.25703,0.86208,-0.10455,1.26,1.33
1209,0.2561,0.86379,-0.10535,1.26,1.33
1210,0.25516,0.86548,-0.10614,1.26,1.33
1211,0.25423,0.86716,-0.10692,1.25,1.33
1212,0.25329,0.86883,-0.10768,1.25,1.33
1213,0.25234,0.87048,-0.10843,1.24,1.33
1214,0.25139,0.87213,-0.10917,1.24,1.33
1215,0.25044,0.87375,-0.10989,1.24,1.33
1216,0.24948,0.87536,-0.11059,1.24,1.33
1217,0.24851,0.87695,-0.11127,1.23,1.33
1218,0.24754,0.87852,-0.11193,1.22,1.33
1219,0.24656,0.88007,-0.11256,1.22,1.33
1220,0.24557,0.88159,-0.11317,1.21,1.33
1221,0.24458,0.88309,-0.11375,1.21,1.33
1222,0.24358,0.88456,-0.11431,1.21,1.33
1223,0.24258,0.88601,-0.11484,1.21,1.33
1224,0.24157,0.88743,-0.11534,1.21,1.33
1225,0.24056,0.88883,-0.11582,1.2,1.33
1226,0.23955,0.89021,-0.11627,1.2,1.33
1227,0.23853,0.89155,-0.1167,1.2,1.33
1228,0.23751,0.89288,-0.1171,1.2,1.33
1229,0.23649,0.89418,-0.11747,1.19,1.33
1230,0.23547,0.89545,-0.11782,1.19,1.33
1231,0.23444,0.8967,-0.11814,1.18,1.33
1232,0.23342,0.89793,-0.11844,1.18,1.33
1233,0.2324,0.89915,-0.11873,1.18,1.33
1234,0.23139,0.90036,-0.11902,1.17,1.33
1235,0.23038,0.90156,-0.1193,1.17,1.33
1236,0.22937,0.90277,-0.11959,1.16,1.33
1237,0.22837,0.90399,-0.11989,1.16,1.33
1238,0.22738,0.90522,-0.12021,1.16,1.33
1239,0.22639,0.90647,-0.12056,1.16,1.33
1240,0.22541,0.90774,-0.12094,1.16,1.33
1241,0.22445,0.90905,-0.12135,1.15,1.33
1242,0.22349,0.91038,-0.12179,1.15,1.33
1243,0.22254,0.91173,-0.12227,1.14,1.33
1244,0.2216,0.91309,-0.12277,1.14,1.33
1245,0.22066,0.91448,-0.12328,1.13,1.33
1246,0.21974,0.91587,-0.12381,1.13,1.33
1247,0.21881,0.91726,-0.12435,1.13,1.33
1248,0.2179,0.91866,-0.12489,1.12,1.33
1249,0.21699,0.92005,-0.12544,1.12,1.33
1250,0.21608,0.92143,-0.12598,1.12,1.32
1251,0.21518,0.9228,-0.12651,1.11,1.32
1252,0.21428,0.92416,-0.12703,1.11,1.32
1253,0.21338,0.92551,-0.12754,1.1,1.32
1254,0.21249,0.92685,-0.12803,1.1,1.32
1255,0.21159,0.92817,-0.12852,1.1,1.32
1256,0.21071,0.92948,-0.129,1.1,1.32
1257,0.20982,0.93078,-0.12947,1.1,1.32
1258,0.20894,0.93207,-0.12992,1.1,1.32
1259,0.20806,0.93334,-0.13037,1.1,1.32
1260,0.20718,0.9346,-0.1308,1.09,1.32
1261,0.2063,0.93585,-0.13122,1.09,1.32
1262,0.20542,0.93708,-0.13162,1.09,1.32
1263,0.20455,0.93829,-0.13201,1.08,1.32
1264,0.20367,0.93948,-0.13237,1.08,1.32
1265,0.20279,0.94066,-0.13271,1.08,1.32
1266,0.20191,0.9418,-0.13303,1.08,1.32
1267,0.20102,0.94292,-0.13331,1.08,1.32
1268,0.20012,0.94401,-0.13355,1.08,1.32
1269,0.19922,0.94507,-0.13376,1.08,1.32
1270,0.19831,0.94609,-0.13393,1.08,1.32
1271,0.19739,0.94708,-0.13406,1.08,1.32
1272,0.19646,0.94803,-0.13414,1.09,1.32
1273,0.19552,0.94894,-0.13418,1.09,1.32
1274,0.19457,0.94981,-0.13417,1.1,1.32
1275,0.19361,0.95063,-0.1341,1.1,1.32
1276,0.19264,0.95141,-0.13399,1.11,1.32
1277,0.19165,0.95214,-0.13383,1.11,1.32
1278,0.19066,0.95283,-0.13361,1.11,1.32
1279,0.18965,0.95346,-0.13333,1.12,1.32
1280,0.18864,0.95405,-0.133,1.12,1.32
1281,0.18761,0.95458,-0.13261,1.13,1.32
1282,0.18657,0.95506,-0.13217,1.14,1.32
1283,0.18552,0.95549,-0.13167,1.15,1.32
1284,0.18446,0.95588,-0.13112,1.16,1.32
1285,0.18338,0.95623,-0.13053,1.16,1.32
1286,0.18231,0.95654,-0.1299,1.17,1.32
1287,0.18122,0.95682,-0.12922,1.18,1.32
1288,0.18013,0.95706,-0.12851,1.18,1.32
1289,0.17903,0.95728,-0.12776,1.19,1.32
1290,0.17792,0.95747,-0.12698,1.2,1.32
1291,0.17681,0.95763,-0.12618,1.21,1.32
1292,0.1757,0.95778,-0.12535,1.22,1.32
1293,0.17458,0.95789,-0.12449,1.23,1.32
1294,0.17347,0.95799,-0.1236,1.24,1.32
1295,0.17236,0.95805,-0.12269,1.25,1.32
1296,0.17126,0.9581,-0.12175,1.27,1.32
1297,0.17017,0.95811,-0.12079,1.28,1.32
1298,0.16908,0.95809,-0.1198,1.3,1.32
1299,0.16801,0.95805,-0.11879,1.31,1.32
1300,0.16695,0.95798,-0.11776,1.32,1.32
1301,0.1659,0.95787,-0.1167,1.34,1.32
1302,0.16488,0.95775,-0.11563,1.35,1.32
1303,0.16387,0.9576,-0.11454,1.37,1.32
1304,0.16287,0.95744,-0.11346,1.39,1.32
1305,0.16189,0.95727,-0.11237,1.42,1.32
1306,0.16093,0.95711,-0.11129,1.44,1.32
1307,0.15999,0.95694,-0.11022,1.47,1.32
1308,0.15906,0.95679,-0.10918,1.49,1.32
1309,0.15814,0.95665,-0.10816,1.51,1.32
1310,0.15724,0.95654,-0.10718,1.53,1.32
1311,0.15636,0.95645,-0.10623,1.56,1.32
1312,0.15549,0.95638,-0.10531,1.58,1.32
1313,0.15464,0.95632,-0.10442,1.61,1.32
1314,0.15379,0.95628,-0.10354,1.64,1.32
1315,0.15296,0.95623,-0.10267,1.67,1.32
1316,0.15213,0.95618,-0.1018,1.7,1.32
1317,0.1513,0.95612,-0.10093,1.73,1.32
1318,0.15049,0.95604,-0.10004,1.76,1.32
1319,0.14967,0.95594,-0.09913,1.79,1.32
1320,0.14885,0.9558,-0.09819,1.83,1.32
1321,0.14803,0.95563,-0.09722,1.87,1.32
1322,0.14722,0.95543,-0.09621,1.91,1.32
1323,0.1464,0.9552,-0.09518,1.94,1.32
1324,0.14559,0.95495,-0.09414,1.97,1.32
1325,0.14477,0.95469,-0.09308,2.01,1.32
1326,0.14396,0.95441,-0.09201,2.05,1.32
1327,0.14316,0.95413,-0.09094,2.1,1.32
1328,0.14236,0.95385,-0.08988,2.15,1.32
1329,0.14157,0.95358,-0.08883,2.2,1.32
1330,0.14078,0.95332,-0.0878,2.24,1.32
1331,0.14,0.95307,-0.08679,2.28,1.32
1332,0.13922,0.95283,-0.08579,2.31,1.32
1333,0.13845,0.9526,-0.0848,2.36,1.32
1334,0.13767,0.95236,-0.0838,2.42,1.32
1335,0.13688,0.95212,-0.0828,2.48,1.32
1336,0.13608,0.95186,-0.08177,2.54,1.32
1337,0.13527,0.95158,-0.08071,2.59,1.32
1338,0.13443,0.95128,-0.07961,2.63,1.32
1339,0.13357,0.95094,-0.07847,2.67,1.32
1340,0.13268,0.95056,-0.07727,2.7,1.32
1341,0.13177,0.95014,-0.076,2.74,1.32
1342,0.13082,0.94965,-0.07464,2.78,1.32
1343,0.12986,0.94906,-0.07318,2.83,1.32
1344,0.1289,0.94835,-0.07159,2.89,1.32
1345,0.12793,0.94749,-0.06986,2.96,1.32
1346,0.12698,0.94646,-0.06795,3.03,1.32
1347,0.12604,0.94522,-0.06586,3.1,1.32
1348,0.12513,0.94377,-0.06355,3.15,1.32
1349,0.12425,0.94206,-0.06102,3.18,1.32
1350,0.12342,0.94007,-0.05823,3.23,1.32
1351,0.12264,0.93779,-0.05519,3.27,1.32
1352,0.1219,0.93526,-0.05191,3.32,1.32
1353,0.12121,0.93251,-0.04846,3.36,1.32
1354,0.12057,0.92959,-0.04487,3.41,1.32
1355,0.11996,0.92655,-0.04118,3.45,1.32
1356,0.1194,0.92342,-0.03745,3.5,1.32
1357,0.11886,0.92026,-0.03371,3.54,1.32
1358,0.11836,0.91711,-0.03002,3.6,1.32
1359,0.11789,0.91401,-0.02641,3.65,1.32
1360,0.11744,0.91101,-0.02293,3.7,1.32
1361,0.11701,0.90813,-0.01961,3.75,1.32
1362,0.1166,0.9053,-0.01637,3.8,1.32
1363,0.11619,0.90245,-0.01312,3.87,1.32
1364,0.11577,0.8995,-0.00977,3.93,1.32
1365,0.11533,0.89634,-0.00623,3.99,1.32
1366,0.11486,0.89291,-0.0024,4.06,1.32
1367,0.11436,0.88912,0.00181,4.13,1.32
1368,0.1138,0.88488,0.0065,4.22,1.32
1369,0.11318,0.88011,0.01174,4.3,1.32
1370,0.11249,0.87472,0.01765,4.39,1.32
1371,0.11173,0.86866,0.02428,4.5,1.32
1372,0.11088,0.86192,0.03163,4.63,1.32
1373,0.10996,0.85453,0.03967,4.74,1.32
1374,0.10897,0.84653,0.04836,4.9,1.32
1375,0.10791,0.83793,0.05769,5.09,1.32
1376,0.10677,0.82876,0.06761,5.26,1.32
1377,0.10558,0.81905,0.0781,5.48,1.32
1378,0.10432,0.80882,0.08912,5.72,1.32
1379,0.103,0.79811,0.10065,6.01,1.32
1380,0.10163,0.78692,0.11266,6.24,1.32
1381,0.1002,0.77533,0.12509,6.58,1.32
1382,0.09874,0.76343,0.13781,6.93,1.32
1383,0.09727,0.75139,0.15065,7.31,1.32
1384,0.0958,0.73933,0.16347,7.63,1.32
1385,0.09435,0.72742,0.17611,8.09,1.32
1386,0.09294,0.71578,0.18839,8.55,1.32
1387,0.09159,0.70457,0.20018,9.03,1.32
1388,0.09032,0.69392,0.2113,9.59,1.32
1389,0.08916,0.68399,0.22161,10,1.32
1390,0.0881,0.67491,0.23094,10.6,1.32
1391,0.08718,0.66677,0.23919,11.2,1.32
1392,0.08638,0.65947,0.24649,11.8,1.32
1393,0.08567,0.65282,0.25302,12.5,1.32
1394,0.08503,0.64667,0.25896,13.2,1.32
1395,0.08445,0.64084,0.2645,13.7,1.32
1396,0.0839,0.63517,0.26983,14.3,1.32
1397,0.08336,0.62948,0.27511,15.1,1.32
1398,0.08281,0.62361,0.28054,15.8,1.32
1399,0.08222,0.61739,0.28629,16.5,1.32
1400,0.08159,0.61065,0.29256,17.1,1.32
1401,0.08089,0.60327,0.29947,17.8,1.32
1402,0.08013,0.59537,0.30692,18.5,1.32
1403,0.07934,0.58708,0.31476,19.2,1.32
1404,0.07854,0.57858,0.32284,19.8,1.32
1405,0.07774,0.57001,0.33101,20.3,1.32
1406,0.07697,0.56152,0.33912,20.9,1.32
1407,0.07624,0.55329,0.34703,21.5,1.32
1408,0.07558,0.54545,0.35457,22,1.32
1409,0.075,0.53817,0.36159,22.6,1.32
1410,0.07453,0.5316,0.36796,23.1,1.32
1411,0.07419,0.52589,0.37351,23.6,1.32
1412,0.074,0.52113,0.37815,24.1,1.32
1413,0.074,0.5174,0.38174,24.5,1.32
1414,0.07422,0.51479,0.38419,24.9,1.32
1415,0.07469,0.51338,0.38537,25.3,1.32
1416,0.07544,0.51325,0.38519,25.7,1.32
1417,0.07651,0.5145,0.38352,26.1,1.32
1418,0.07793,0.51719,0.38025,26.4,1.32
1419,0.07972,0.52142,0.37529,26.7,1.32
1420,0.08192,0.52727,0.3685,27,1.32
1421,0.08454,0.53476,0.35986,27.3,1.32
1422,0.08751,0.54365,0.34965,27.6,1.32
1423,0.09074,0.55363,0.33822,27.8,1.32
1424,0.09413,0.5644,0.32592,28.1,1.32
1425,0.0976,0.57565,0.31311,28.4,1.32
1426,0.10104,0.58709,0.30015,28.6,1.32
1427,0.10438,0.5984,0.28738,28.8,1.32
1428,0.10751,0.60928,0.27516,28.9,1.32
1429,0.11035,0.61944,0.26386,29.1,1.32
1430,0.11281,0.62855,0.25381,29.3,1.32
1431,0.1148,0.6364,0.24529,29.4,1.32
1432,0.11637,0.64306,0.23821,29.6,1.32
1433,0.11754,0.64868,0.2324,29.7,1.32
1434,0.11836,0.6534,0.22769,29.8,1.32
1435,0.11888,0.65739,0.22389,29.9,1.32
1436,0.11913,0.66078,0.22083,30,1.32
1437,0.11917,0.66372,0.21835,30.1,1.32
1438,0.11903,0.66637,0.21626,30.2,1.32
1439,0.11876,0.66888,0.21439,30.3,1.32
1440,0.11841,0.67139,0.21256,30.4,1.32
1441,0.118,0.67403,0.21064,30.4,1.32
1442,0.11755,0.67679,0.20862,30.5,1.32
1443,0.11707,0.67964,0.20653,30.5,1.32
1444,0.11656,0.68255,0.20438,30.5,1.32
1445,0.11604,0.68548,0.20222,30.5,1.32
1446,0.1155,0.68841,0.20006,30.6,1.32
1447,0.11496,0.6913,0.19793,30.6,1.32
1448,0.11442,0.69411,0.19586,30.6,1.32
1449,0.11389,0.69683,0.19388,30.6,1.32
1450,0.11336,0.69941,0.192,30.5,1.32
1451,0.11286,0.70183,0.19026,30.5,1.32
1452,0.11237,0.70411,0.18864,30.5,1.32
1453,0.11189,0.70626,0.18713,30.5,1.32
1454,0.11141,0.70833,0.1857,30.4,1.32
1455,0.11092,0.71031,0.18434,30.4,1.32
1456,0.11042,0.71225,0.18304,30.3,1.32
1457,0.10989,0.71416,0.18177,30.2,1.32
1458,0.10934,0.71607,0.18052,30.1,1.32
1459,0.10876,0.718,0.17927,30.1,1.32
1460,0.10813,0.71997,0.178,30,1.32
1461,0.10746,0.72201,0.1767,29.8,1.32
1462,0.10675,0.72411,0.17537,29.7,1.32
1463,0.10601,0.72628,0.17399,29.6,1.32
1464,0.10526,0.72851,0.17256,29.4,1.32
1465,0.1045,0.7308,0.17108,29.2,1.32
1466,0.10374,0.73315,0.16954,29,1.32
1467,0.103,0.73556,0.16794,28.7,1.32
1468,0.10228,0.73803,0.16627,28.5,1.32
1469,0.10159,0.74055,0.16452,28.3,1.32
1470,0.10095,0.74312,0.16269,28,1.32
1471,0.10036,0.74574,0.16078,27.8,1.32
1472,0.09982,0.7484,0.1588,27.5,1.32
1473,0.09932,0.75109,0.15677,27.2,1.32
1474,0.09885,0.75381,0.15469,27,1.32
1475,0.09841,0.75653,0.15258,26.6,1.32
1476,0.09798,0.75926,0.15047,26.4,1.32
1477,0.09756,0.76198,0.14835,26.1,1.32
1478,0.09715,0.76468,0.14624,25.8,1.32
1479,0.09673,0.76735,0.14417,25.6,1.32
1480,0.0963,0.76998,0.14214,25.2,1.32
1481,0.09585,0.77257,0.14016,25,1.32
1482,0.09538,0.77511,0.13824,24.7,1.32
1483,0.09489,0.77762,0.13637,24.4,1.32
1484,0.09437,0.7801,0.13454,24.1,1.32
1485,0.09382,0.78255,0.13275,23.9,1.32
1486,0.09325,0.78498,0.131,23.6,1.32
1487,0.09264,0.78739,0.12928,23.3,1.32
1488,0.09201,0.7898,0.12759,23.1,1.32
1489,0.09134,0.7922,0.12591,22.7,1.32
1490,0.09064,0.79461,0.12426,22.5,1.32
1491,0.08991,0.79703,0.12262,22.2,1.32
1492,0.08914,0.79945,0.12099,21.9,1.32
1493,0.08834,0.80189,0.11937,21.6,1.32
1494,0.08751,0.80435,0.11774,21.4,1.32
1495,0.08666,0.80683,0.11611,21.1,1.32
1496,0.08579,0.80933,0.11446,20.8,1.32
1497,0.0849,0.81186,0.1128,20.5,1.32
1498,0.08399,0.81441,0.11111,20.3,1.32
1499,0.08307,0.817,0.10939,20,1.32
1500,0.08214,0.81962,0.10765,19.7,1.32
1501,0.0812,0.82228,0.10587,19.5,1.32
1502,0.08026,0.82496,0.10406,19.2,1.32
1503,0.07932,0.82765,0.10223,19,1.32
1504,0.07838,0.83035,0.1004,18.7,1.32
1505,0.07744,0.83303,0.09858,18.5,1.32
1506,0.07651,0.83568,0.09677,18.3,1.32
1507,0.0756,0.8383,0.09499,18,1.32
1508,0.0747,0.84086,0.09324,17.8,1.32
1509,0.07382,0.84336,0.09155,17.6,1.32
1510,0.07297,0.84578,0.08991,17.3,1.32
1511,0.07214,0.84812,0.08835,17.1,1.32
1512,0.07133,0.85037,0.08685,16.9,1.32
1513,0.07054,0.85256,0.0854,16.7,1.32
1514,0.06978,0.85468,0.084,16.5,1.32
1515,0.06903,0.85674,0.08264,16.2,1.32
1516,0.0683,0.85876,0.08132,16.1,1.32
1517,0.06758,0.86075,0.08002,15.8,1.32
1518,0.06687,0.86271,0.07873,15.6,1.32
1519,0.06617,0.86464,0.07746,15.5,1.32
1520,0.06547,0.86657,0.07619,15.3,1.32
1521,0.06478,0.8685,0.07491,15,1.32
1522,0.0641,0.87042,0.07363,14.9,1.32
1523,0.06341,0.87235,0.07235,14.7,1.32
1524,0.06272,0.87427,0.07107,14.5,1.32
1525,0.06203,0.87618,0.06979,14.3,1.32
1526,0.06133,0.8781,0.06852,14.1,1.32
1527,0.06062,0.88,0.06726,14,1.32
1528,0.0599,0.88191,0.06601,13.8,1.32
1529,0.05917,0.8838,0.06477,13.6,1.32
1530,0.05842,0.88569,0.06354,13.5,1.32
1531,0.05765,0.88758,0.06233,13.3,1.32
1532,0.05687,0.88945,0.06114,13.2,1.32
1533,0.05607,0.89131,0.05997,13,1.32
1534,0.05526,0.89316,0.05881,12.8,1.32
1535,0.05444,0.895,0.05767,12.7,1.32
1536,0.05362,0.89682,0.05654,12.5,1.32
1537,0.0528,0.89862,0.05543,12.4,1.32
1538,0.05197,0.90041,0.05434,12.2,1.32
1539,0.05115,0.90218,0.05326,12.1,1.32
1540,0.05033,0.90392,0.0522,11.9,1.32
1541,0.04951,0.90564,0.05116,11.8,1.32
1542,0.04871,0.90734,0.05012,11.7,1.32
1543,0.04791,0.90902,0.0491,11.5,1.32
1544,0.04713,0.91069,0.04809,11.4,1.32
1545,0.04635,0.91234,0.04708,11.3,1.32
1546,0.04558,0.91398,0.04608,11.1,1.32
1547,0.04482,0.91561,0.04507,11,1.32
1548,0.04407,0.91724,0.04407,10.9,1.32
1549,0.04333,0.91886,0.04307,10.8,1.32
1550,0.0426,0.92049,0.04206,10.6,1.32
1551,0.04188,0.92211,0.04104,10.5,1.32
1552,0.04118,0.92373,0.04002,10.4,1.32
1553,0.04048,0.92535,0.039,10.3,1.32
1554,0.03979,0.92697,0.03797,10.2,1.32
1555,0.03911,0.92859,0.03695,10.1,1.32
1556,0.03843,0.93019,0.03592,10,1.32
1557,0.03777,0.93179,0.0349,9.91,1.32
1558,0.0371,0.93338,0.03389,9.84,1.32
1559,0.03644,0.93496,0.03289,9.75,1.32
1560,0.03578,0.93652,0.03189,9.66,1.32
1561,0.03513,0.93807,0.03091,9.56,1.32
1562,0.03447,0.93961,0.02994,9.48,1.32
1563,0.03382,0.94113,0.02899,9.38,1.32
1564,0.03316,0.94264,0.02804,9.31,1.32
1565,0.03251,0.94413,0.02711,9.2,1.32
1566,0.03185,0.94562,0.02618,9.13,1.32
1567,0.03119,0.94709,0.02527,9.05,1.32
1568,0.03053,0.94855,0.02438,8.98,1.32
1569,0.02986,0.95,0.02349,8.9,1.32
1570,0.02919,0.95144,0.02261,8.82,1.32
1571,0.02852,0.95287,0.02175,8.74,1.32
1572,0.02784,0.95429,0.02089,8.67,1.32
1573,0.02716,0.9557,0.02005,8.59,1.32
1574,0.02647,0.9571,0.01922,8.51,1.32
1575,0.02579,0.95849,0.01839,8.45,1.32
1576,0.0251,0.95987,0.01758,8.36,1.32
1577,0.02441,0.96124,0.01678,8.3,1.32
1578,0.02373,0.96259,0.01598,8.23,1.32
1579,0.02304,0.96394,0.0152,8.16,1.32
1580,0.02236,0.96527,0.01442,8.1,1.32
1581,0.02167,0.96659,0.01365,8.04,1.32
1582,0.02099,0.96789,0.01289,7.96,1.32
1583,0.02032,0.96918,0.01215,7.89,1.32
1584,0.01965,0.97045,0.01142,7.83,1.32
1585,0.01898,0.9717,0.01071,7.77,1.32
1586,0.01833,0.97292,0.01003,7.71,1.32
1587,0.01768,0.97412,0.00936,7.65,1.32
1588,0.01703,0.97529,0.00873,7.61,1.32
1589,0.0164,0.97642,0.00812,7.55,1.32
1590,0.01578,0.97752,0.00755,7.5,1.32
1591,0.01517,0.97859,0.00701,7.43,1.32
1592,0.01456,0.97962,0.00651,7.37,1.32
1593,0.01397,0.98062,0.00604,7.32,1.32
1594,0.01339,0.98159,0.0056,7.25,1.32
1595,0.01282,0.98253,0.00519,7.2,1.32
1596,0.01225,0.98343,0.00481,7.16,1.32
1597,0.0117,0.98431,0.00445,7.12,1.32
1598,0.01115,0.98516,0.00412,7.08,1.32
1599,0.01061,0.98599,0.00381,7.04,1.32
1600,0.01007,0.98679,0.00352,6.99,1.32
1601,0.00954,0.98756,0.00325,6.94,1.32
1602,0.00902,0.98832,0.003,6.91,1.32
1603,0.0085,0.98906,0.00276,6.87,1.32
1604,0.00798,0.98978,0.00254,6.83,1.32
1605,0.00747,0.99048,0.00233,6.78,1.32
1606,0.00697,0.99118,0.00213,6.74,1.32
1607,0.00646,0.99186,0.00194,6.71,1.32
1608,0.00595,0.99253,0.00175,6.7,1.32
1609,0.00545,0.9932,0.00157,6.65,1.32
1610,0.00494,0.99387,0.0014,6.63,1.32
1611,0.00444,0.99453,0.00122,6.6,1.32
1612,0.00393,0.99518,0.00105,6.57,1.32
1613,0.00343,0.99583,0.00088,6.53,1.32
1614,0.00293,0.99647,0.00071,6.5,1.32
1615,0.00243,0.9971,0.00056,6.47,1.32
1616,0.00193,0.99772,0.00042,6.45,1.32
1617,0.00144,0.99832,0.00029,6.42,1.32
1618,0.00095,0.9989,0.00017,6.4,1.32
1619,0.00047,0.99946,8e-05,6.36,1.32
1620,0,1,0,6.35,1.32
1621,-0.00046,1.0005,-6e-05,6.31,1.32
1622,-0.00092,1.001,-9e-05,6.28,1.32
1623,-0.00137,1.0015,-0.00012,6.25,1.32
1624,-0.00182,1.0019,-0.00013,6.21,1.32
1625,-0.00226,1.0024,-0.00013,6.19,1.32
1626,-0.0027,1.0028,-0.00013,6.16,1.32
1627,-0.00313,1.0033,-0.00012,6.13,1.32
1628,-0.00356,1.0037,-0.00011,6.12,1.32
1629,-0.004,1.0041,-0.00011,6.09,1.32
1630,-0.00443,1.0046,-0.00012,6.08,1.32
1631,-0.00486,1.005,-0.00013,6.05,1.32
1632,-0.00529,1.0055,-0.00015,6.05,1.32
1633,-0.00573,1.0059,-0.00018,6.02,1.32
1634,-0.00616,1.0064,-0.00021,6.01,1.32
1635,-0.00659,1.0068,-0.00025,5.98,1.32
1636,-0.00702,1.0073,-0.00029,5.97,1.32
1637,-0.00744,1.0078,-0.00033,5.95,1.32
1638,-0.00786,1.0082,-0.00036,5.94,1.32
1639,-0.00828,1.0086,-4e-04,5.92,1.32
1640,-0.00869,1.0091,-0.00043,5.91,1.32
1641,-0.0091,1.0095,-0.00045,5.89,1.32
1642,-0.0095,1.0099,-0.00047,5.88,1.32
1643,-0.0099,1.0103,-0.00048,5.85,1.32
1644,-0.01029,1.0107,-0.00048,5.83,1.32
1645,-0.01067,1.0111,-0.00047,5.8,1.32
1646,-0.01104,1.0114,-0.00045,5.79,1.32
1647,-0.0114,1.0117,-0.00043,5.75,1.32
1648,-0.01176,1.0121,-0.00038,5.75,1.32
1649,-0.01211,1.0124,-0.00033,5.72,1.32
1650,-0.01245,1.0127,-0.00027,5.71,1.32
1651,-0.01277,1.0129,-0.00019,5.69,1.32
1652,-0.01309,1.0132,-9e-05,5.68,1.32
1653,-0.0134,1.0134,1e-05,5.66,1.32
1654,-0.01371,1.0136,0.00013,5.66,1.32
1655,-0.01401,1.0139,0.00025,5.64,1.32
1656,-0.0143,1.0141,0.00038,5.65,1.32
1657,-0.0146,1.0143,0.00052,5.63,1.32
1658,-0.01489,1.0144,0.00067,5.63,1.32
1659,-0.01518,1.0146,0.00082,5.62,1.32
1660,-0.01547,1.0148,0.00098,5.62,1.32
1661,-0.01577,1.015,0.00113,5.6,1.32
1662,-0.01607,1.0151,0.0013,5.61,1.32
1663,-0.01636,1.0153,0.00146,5.6,1.32
1664,-0.01667,1.0155,0.00164,5.6,1.32
1665,-0.01697,1.0156,0.00182,5.58,1.32
1666,-0.01727,1.0158,0.00201,5.58,1.32
1667,-0.01758,1.0159,0.00221,5.56,1.32
1668,-0.01789,1.016,0.00243,5.56,1.32
1669,-0.0182,1.0161,0.00266,5.55,1.32
1670,-0.01851,1.0162,0.0029,5.55,1.32
1671,-0.01882,1.0163,0.00316,5.54,1.32
1672,-0.01914,1.0164,0.00344,5.54,1.32
1673,-0.01945,1.0164,0.00373,5.53,1.32
1674,-0.01976,1.0165,0.00403,5.53,1.32
1675,-0.02007,1.0165,0.00435,5.53,1.32
1676,-0.02037,1.0165,0.00468,5.53,1.32
1677,-0.02067,1.0165,0.00503,5.53,1.32
1678,-0.02097,1.0164,0.00538,5.53,1.32
1679,-0.02126,1.0164,0.00575,5.52,1.32
1680,-0.02154,1.0163,0.00613,5.52,1.32
1681,-0.02182,1.0162,0.00651,5.52,1.32
1682,-0.02208,1.0162,0.00691,5.53,1.32
1683,-0.02235,1.0161,0.00731,5.52,1.32
1684,-0.0226,1.016,0.00773,5.52,1.32
1685,-0.02285,1.0158,0.00815,5.52,1.32
1686,-0.0231,1.0157,0.00857,5.52,1.32
1687,-0.02334,1.0156,0.00901,5.51,1.32
1688,-0.02358,1.0154,0.00945,5.53,1.32
1689,-0.02382,1.0153,0.0099,5.51,1.32
1690,-0.02406,1.0151,0.01035,5.52,1.32
1691,-0.0243,1.0149,0.01081,5.52,1.32
1692,-0.02454,1.0148,0.01127,5.52,1.32
1693,-0.02478,1.0146,0.01174,5.51,1.32
1694,-0.02502,1.0144,0.01222,5.52,1.32
1695,-0.02525,1.0142,0.01271,5.52,1.32
1696,-0.02548,1.014,0.01321,5.54,1.32
1697,-0.02571,1.0137,0.01373,5.54,1.31
1698,-0.02593,1.0135,0.01425,5.54,1.31
1699,-0.02615,1.0132,0.0148,5.56,1.31
1700,-0.02636,1.0129,0.01535,5.57,1.31
1701,-0.02657,1.0126,0.01593,5.58,1.31
1702,-0.02677,1.0123,0.01652,5.61,1.31
1703,-0.02697,1.012,0.01713,5.61,1.31
1704,-0.02716,1.0116,0.01775,5.63,1.31
1705,-0.02735,1.0112,0.01839,5.64,1.31
1706,-0.02753,1.0108,0.01904,5.66,1.31
1707,-0.02771,1.0104,0.01971,5.67,1.31
1708,-0.02788,1.0099,0.02039,5.69,1.31
1709,-0.02805,1.0095,0.02108,5.7,1.31
1710,-0.02822,1.009,0.02179,5.73,1.31
1711,-0.02839,1.0085,0.02251,5.75,1.31
1712,-0.02855,1.008,0.02325,5.77,1.31
1713,-0.02872,1.0075,0.02399,5.78,1.31
1714,-0.02888,1.0069,0.02475,5.8,1.31
1715,-0.02905,1.0064,0.02552,5.81,1.31
1716,-0.02921,1.0058,0.0263,5.83,1.31
1717,-0.02938,1.0052,0.0271,5.84,1.31
1718,-0.02956,1.0046,0.02791,5.88,1.31
1719,-0.02973,1.004,0.02873,5.89,1.31
1720,-0.02991,1.0034,0.02956,5.93,1.31
1721,-0.0301,1.0027,0.03041,5.95,1.31
1722,-0.0303,1.0021,0.03127,5.97,1.31
1723,-0.0305,1.0014,0.03214,6,1.31
1724,-0.03072,1.0007,0.03302,6.03,1.31
1725,-0.03095,1,0.03391,6.05,1.31
1726,-0.0312,0.99934,0.03482,6.09,1.31
1727,-0.03147,0.99865,0.03573,6.1,1.31
1728,-0.03176,0.99795,0.03666,6.14,1.31
1729,-0.03207,0.99726,0.03759,6.17,1.31
1730,-0.03241,0.99657,0.03853,6.2,1.31
1731,-0.03278,0.99589,0.03948,6.22,1.31
1732,-0.03317,0.99521,0.04044,6.26,1.31
1733,-0.03357,0.99453,0.04141,6.28,1.31
1734,-0.034,0.99384,0.04239,6.34,1.31
1735,-0.03443,0.99315,0.04338,6.37,1.31
1736,-0.03486,0.99245,0.04437,6.39,1.31
1737,-0.03529,0.99174,0.04538,6.45,1.31
1738,-0.03572,0.99102,0.0464,6.49,1.31
1739,-0.03614,0.99027,0.04742,6.52,1.31
1740,-0.03655,0.98951,0.04846,6.57,1.31
1741,-0.03694,0.98873,0.0495,6.62,1.31
1742,-0.03731,0.98792,0.05055,6.66,1.31
1743,-0.03767,0.98711,0.05161,6.69,1.31
1744,-0.03802,0.98628,0.05268,6.75,1.31
1745,-0.03835,0.98544,0.05374,6.8,1.31
1746,-0.03868,0.9846,0.05481,6.84,1.31
1747,-0.03901,0.98376,0.05588,6.9,1.31
1748,-0.03934,0.98292,0.05695,6.96,1.31
1749,-0.03966,0.98208,0.05802,7,1.31
1750,-0.03999,0.98126,0.05908,7.05,1.31
1751,-0.04032,0.98045,0.06013,7.11,1.31
1752,-0.04066,0.97966,0.06118,7.18,1.31
1753,-0.04101,0.97887,0.06223,7.24,1.31
1754,-0.04136,0.9781,0.06328,7.27,1.31
1755,-0.04171,0.97733,0.06433,7.34,1.31
1756,-0.04208,0.97656,0.06538,7.41,1.31
1757,-0.04245,0.9758,0.06643,7.48,1.31
1758,-0.04283,0.97504,0.06749,7.54,1.31
1759,-0.04322,0.97428,0.06856,7.59,1.31
1760,-0.04362,0.97351,0.06964,7.67,1.31
1761,-0.04402,0.97275,0.07073,7.73,1.31
1762,-0.04443,0.97197,0.07183,7.78,1.31
1763,-0.04485,0.97119,0.07294,7.83,1.31
1764,-0.04527,0.9704,0.07406,7.89,1.31
1765,-0.04569,0.96961,0.0752,7.95,1.31
1766,-0.04611,0.9688,0.07634,8,1.31
1767,-0.04653,0.96799,0.0775,8.05,1.31
1768,-0.04695,0.96717,0.07866,8.1,1.31
1769,-0.04736,0.96633,0.07984,8.16,1.31
1770,-0.04777,0.96549,0.08103,8.21,1.31
1771,-0.04817,0.96463,0.08223,8.24,1.31
1772,-0.04856,0.96376,0.08343,8.26,1.31
1773,-0.04894,0.96288,0.08465,8.32,1.31
1774,-0.04932,0.96198,0.08588,8.35,1.31
1775,-0.0497,0.96107,0.08713,8.39,1.31
1776,-0.05007,0.96015,0.08838,8.43,1.31
1777,-0.05045,0.95922,0.08965,8.45,1.31
1778,-0.05082,0.95828,0.09094,8.48,1.31
1779,-0.05119,0.95732,0.09223,8.51,1.31
1780,-0.05156,0.95635,0.09354,8.54,1.31
1781,-0.05193,0.95536,0.09487,8.56,1.31
1782,-0.0523,0.95438,0.09619,8.59,1.31
1783,-0.05267,0.9534,0.09751,8.62,1.31
1784,-0.05303,0.95244,0.09882,8.64,1.31
1785,-0.05337,0.9515,0.10009,8.67,1.31
1786,-0.05371,0.95061,0.10132,8.69,1.31
1787,-0.05402,0.94976,0.10251,8.72,1.31
1788,-0.05431,0.94897,0.10363,8.74,1.31
1789,-0.05458,0.94825,0.10468,8.76,1.31
1790,-0.05482,0.9476,0.10565,8.78,1.31
1791,-0.05503,0.94704,0.10653,8.78,1.31
1792,-0.05523,0.94655,0.10734,8.78,1.31
1793,-0.05541,0.94609,0.1081,8.79,1.31
1794,-0.0556,0.94567,0.10884,8.81,1.31
1795,-0.05581,0.94524,0.10957,8.81,1.31
1796,-0.05604,0.94479,0.11032,8.81,1.31
1797,-0.05632,0.94431,0.11112,8.81,1.31
1798,-0.05665,0.94376,0.11198,8.8,1.31
1799,-0.05705,0.94312,0.11293,8.8,1.31
1800,-0.05752,0.94238,0.11399,8.79,1.31
1801,-0.05808,0.94152,0.11517,8.78,1.31
1802,-0.05871,0.94056,0.11646,8.77,1.31
1803,-0.05939,0.93952,0.11783,8.75,1.31
1804,-0.06011,0.93844,0.11924,8.75,1.31
1805,-0.06084,0.93734,0.12068,8.74,1.31
1806,-0.06156,0.93625,0.12211,8.74,1.31
1807,-0.06227,0.93519,0.1235,8.74,1.31
1808,-0.06293,0.93419,0.12483,8.74,1.31
1809,-0.06353,0.93329,0.12607,8.75,1.31
1810,-0.06406,0.9325,0.12719,8.76,1.31
1811,-0.06449,0.93185,0.12816,8.78,1.31
1812,-0.06484,0.93133,0.12901,8.79,1.31
1813,-0.06512,0.93094,0.12973,8.79,1.31
1814,-0.06534,0.93065,0.13034,8.8,1.31
1815,-0.06553,0.93045,0.13087,8.79,1.31
1816,-0.06569,0.93034,0.13131,8.81,1.31
1817,-0.06584,0.93031,0.13169,8.82,1.31
1818,-0.06599,0.93033,0.13202,8.84,1.31
1819,-0.06616,0.9304,0.13232,8.85,1.31
1820,-0.06636,0.93051,0.13259,8.85,1.31
1821,-0.06661,0.93063,0.13285,8.86,1.31
1822,-0.06689,0.93076,0.13312,8.87,1.31
1823,-0.06719,0.93087,0.13341,8.87,1.31
1824,-0.06749,0.93094,0.13373,8.88,1.31
1825,-0.06778,0.93095,0.1341,8.89,1.31
1826,-0.06805,0.93087,0.13453,8.9,1.31
1827,-0.06829,0.93069,0.13503,8.92,1.31
1828,-0.06847,0.93038,0.13562,8.95,1.31
1829,-0.06859,0.92991,0.13631,8.97,1.31
1830,-0.06863,0.92928,0.13711,9.01,1.31
1831,-0.06858,0.92846,0.13804,9.03,1.31
1832,-0.06845,0.92747,0.13908,9.11,1.31
1833,-0.06824,0.92634,0.14021,9.15,1.31
1834,-0.06796,0.92508,0.14141,9.2,1.31
1835,-0.06763,0.92372,0.14267,9.26,1.31
1836,-0.06724,0.92228,0.14396,9.32,1.31
1837,-0.06682,0.92079,0.14528,9.38,1.31
1838,-0.06636,0.91927,0.14659,9.46,1.31
1839,-0.06588,0.91774,0.14788,9.54,1.31
1840,-0.06538,0.91623,0.14913,9.63,1.31
1841,-0.06487,0.91475,0.15034,9.72,1.31
1842,-0.06436,0.91328,0.15151,9.82,1.31
1843,-0.06383,0.9118,0.15267,9.94,1.31
1844,-0.06328,0.91028,0.15385,10.1,1.31
1845,-0.06272,0.9087,0.15508,10.2,1.31
1846,-0.06214,0.90703,0.15637,10.3,1.31
1847,-0.06154,0.90524,0.15774,10.4,1.31
1848,-0.06091,0.90331,0.15924,10.6,1.31
1849,-0.06025,0.90122,0.16087,10.8,1.31
1850,-0.05956,0.89893,0.16266,10.9,1.31
1851,-0.05884,0.89643,0.16464,11.1,1.31
1852,-0.0581,0.8937,0.16683,11.4,1.31
1853,-0.05735,0.89073,0.16924,11.6,1.31
1854,-0.0566,0.8875,0.17189,11.8,1.31
1855,-0.05586,0.88402,0.1748,12.1,1.31
1856,-0.05514,0.88026,0.17799,12.4,1.31
1857,-0.05447,0.87622,0.18147,12.7,1.31
1858,-0.05384,0.87189,0.18526,13,1.31
1859,-0.05327,0.86725,0.18938,13.3,1.31
1860,-0.05277,0.8623,0.19385,13.8,1.31
1861,-0.05235,0.85701,0.19868,14.1,1.31
1862,-0.05198,0.85134,0.2039,14.8,1.31
1863,-0.05163,0.84525,0.20954,15.3,1.31
1864,-0.05128,0.83868,0.21561,15.9,1.31
1865,-0.0509,0.83158,0.22214,16.4,1.31
1866,-0.05045,0.8239,0.22916,17.1,1.31
1867,-0.04992,0.81559,0.23668,17.7,1.31
1868,-0.04926,0.8066,0.24474,18.5,1.31
1869,-0.04845,0.79688,0.25335,19.3,1.31
1870,-0.04747,0.78638,0.26254,20.5,1.31
1871,-0.04628,0.77506,0.27232,21.5,1.31
1872,-0.04489,0.76297,0.28265,22.5,1.31
1873,-0.04331,0.75017,0.29347,23.7,1.31
1874,-0.04154,0.7367,0.30474,24.8,1.31
1875,-0.03959,0.72264,0.31639,26.2,1.31
1876,-0.03748,0.70804,0.32837,27.5,1.31
1877,-0.03519,0.69295,0.34062,29.7,1.31
1878,-0.03276,0.67743,0.3531,31.4,1.31
1879,-0.03017,0.66155,0.36574,33.2,1.31
1880,-0.02743,0.64536,0.3785,35,1.31
1881,-0.02457,0.62891,0.39133,37.3,1.31
1882,-0.02162,0.61224,0.40421,39.3,1.31
1883,-0.01861,0.59535,0.41716,42.7,1.31
1884,-0.01559,0.57828,0.43018,45.3,1.31
1885,-0.01259,0.56105,0.44326,47.9,1.31
1886,-0.00966,0.54367,0.45641,50.6,1.31
1887,-0.00685,0.52618,0.46964,53.6,1.31
1888,-0.00418,0.50859,0.48293,57.6,1.31
1889,-0.00171,0.49092,0.49631,60.9,1.31
1890,0.00053,0.47319,0.50976,64,1.31
1891,0.00252,0.45544,0.52329,67.2,1.31
1892,0.00429,0.4377,0.53684,70.6,1.31
1893,0.0059,0.42002,0.55035,75,1.31
1894,0.00742,0.40245,0.56376,78.4,1.31
1895,0.0089,0.38503,0.57702,81.6,1.31
1896,0.01041,0.36781,0.59005,84.7,1.31
1897,0.01199,0.35083,0.60282,87.5,1.31
1898,0.01372,0.33415,0.61524,91.9,1.31
1899,0.01564,0.31779,0.62728,94.6,1.31
1900,0.01783,0.30183,0.63885,97.2,1.31
1901,0.02031,0.2863,0.64992,100,1.31
1902,0.02304,0.27128,0.66043,103,1.31
1903,0.02599,0.25688,0.67035,106,1.31
1904,0.02907,0.24318,0.67964,108,1.31
1905,0.03225,0.23028,0.68827,110,1.31
1906,0.03545,0.21825,0.69619,112,1.31
1907,0.03863,0.2072,0.70336,114,1.31
1908,0.04173,0.19722,0.70975,116,1.31
1909,0.04468,0.1884,0.71531,117,1.31
1910,0.04744,0.18082,0.72002,119,1.31
1911,0.04995,0.17454,0.72385,120,1.31
1912,0.05222,0.1695,0.72685,122,1.31
1913,0.05427,0.16559,0.7291,123,1.31
1914,0.05611,0.16269,0.73066,124,1.31
1915,0.05777,0.16071,0.73161,125,1.31
1916,0.05924,0.15954,0.73202,126,1.31
1917,0.06056,0.15908,0.73197,127,1.31
1918,0.06174,0.15921,0.73152,128,1.31
1919,0.06279,0.15983,0.73074,128,1.31
1920,0.06373,0.16083,0.72972,129,1.31
1921,0.06458,0.16213,0.7285,129,1.31
1922,0.06534,0.16366,0.72714,130,1.31
1923,0.06605,0.16538,0.72565,130,1.31
1924,0.06671,0.16724,0.72408,130,1.31
1925,0.06734,0.16921,0.72244,130,1.31
1926,0.06795,0.17124,0.72078,131,1.31
1927,0.06856,0.17327,0.71912,131,1.31
1928,0.06919,0.17528,0.71748,131,1.31
1929,0.06985,0.17721,0.71591,131,1.31
1930,0.07055,0.17902,0.71443,130,1.31
1931,0.07131,0.18068,0.71306,130,1.31
1932,0.07211,0.18222,0.71179,130,1.31
1933,0.07291,0.18366,0.71061,130,1.31
1934,0.07369,0.18507,0.70949,129,1.31
1935,0.07442,0.18646,0.70841,129,1.31
1936,0.07508,0.18789,0.70736,128,1.31
1937,0.07563,0.18939,0.70632,128,1.31
1938,0.07605,0.19099,0.70526,127,1.31
1939,0.07631,0.19275,0.70418,126,1.31
1940,0.07639,0.1947,0.70304,126,1.31
1941,0.07626,0.19687,0.70184,125,1.31
1942,0.07595,0.19923,0.70057,124,1.31
1943,0.07549,0.20175,0.69925,123,1.31
1944,0.07493,0.20439,0.69789,122,1.31
1945,0.0743,0.20712,0.69648,122,1.31
1946,0.07363,0.2099,0.69505,121,1.31
1947,0.07296,0.21271,0.69359,120,1.31
1948,0.07232,0.21549,0.69211,119,1.31
1949,0.07175,0.21823,0.69063,118,1.31
1950,0.07129,0.22088,0.68915,117,1.31
1951,0.07095,0.22341,0.68767,116,1.31
1952,0.07074,0.22584,0.68619,115,1.31
1953,0.07064,0.22819,0.68472,114,1.31
1954,0.07063,0.23046,0.68325,113,1.31
1955,0.07069,0.23267,0.68178,112,1.31
1956,0.0708,0.23484,0.6803,111,1.31
1957,0.07095,0.23699,0.67882,110,1.31
1958,0.07113,0.23914,0.67733,109,1.31
1959,0.07131,0.24129,0.67582,108,1.31
1960,0.07147,0.24347,0.6743,107,1.31
1961,0.07161,0.24569,0.67276,106,1.31
1962,0.07171,0.24796,0.6712,104,1.31
1963,0.07178,0.25029,0.66962,104,1.31
1964,0.0718,0.25267,0.66802,102,1.31
1965,0.07178,0.25513,0.66638,101,1.31
1966,0.07171,0.25766,0.66471,101,1.31
1967,0.07159,0.26027,0.66301,99.3,1.31
1968,0.07141,0.26297,0.66126,98.3,1.31
1969,0.07116,0.26576,0.65948,97.1,1.31
1970,0.07086,0.26866,0.65765,96.3,1.31
1971,0.07048,0.27166,0.65577,94.9,1.31
1972,0.07004,0.27476,0.65385,94.1,1.31
1973,0.06953,0.27796,0.65188,93.4,1.31
1974,0.06896,0.28126,0.64987,92.1,1.31
1975,0.06833,0.28466,0.64781,91.2,1.31
1976,0.06763,0.28815,0.64571,90.1,1.31
1977,0.06689,0.29173,0.64357,89.3,1.31
1978,0.06608,0.29539,0.64138,88,1.31
1979,0.06523,0.29914,0.63916,87.3,1.31
1980,0.06432,0.30297,0.63689,86.1,1.31
1981,0.06337,0.30687,0.63459,85.3,1.31
1982,0.06239,0.31083,0.63226,84.6,1.31
1983,0.06139,0.31482,0.6299,83.4,1.31
1984,0.06041,0.31884,0.62752,82.6,1.31
1985,0.05944,0.32285,0.62512,81.5,1.31
1986,0.05853,0.32683,0.62271,80.8,1.31
1987,0.05767,0.33078,0.6203,79.7,1.31
1988,0.0569,0.33466,0.61789,79,1.31
1989,0.05623,0.33846,0.61548,78,1.31
1990,0.05568,0.34215,0.61308,77.2,1.31
1991,0.05526,0.34573,0.6107,76.3,1.31
1992,0.05496,0.34919,0.60834,75.6,1.31
1993,0.05478,0.35255,0.60599,74.6,1.31
1994,0.05469,0.35583,0.60366,73.9,1.31
1995,0.05469,0.35902,0.60133,73,1.31
1996,0.05476,0.36214,0.59902,72.3,1.31
1997,0.05489,0.36521,0.59672,71.4,1.31
1998,0.05506,0.36822,0.59443,70.8,1.31
1999,0.05527,0.3712,0.59215,69.9,1.31
2000,0.0555,0.37416,0.58988,69.2,1.31
2001,0.05574,0.3771,0.58762,68.7,1.31
2002,0.05598,0.38002,0.58536,67.8,1.31
2003,0.05621,0.38294,0.58311,66.9,1.31
2004,0.05643,0.38586,0.58087,66.3,1.31
2005,0.05664,0.38877,0.57864,65.5,1.31
2006,0.05683,0.39168,0.57641,64.9,1.31
2007,0.057,0.3946,0.5742,64.1,1.31
2008,0.05713,0.39753,0.57201,63.6,1.31
2009,0.05722,0.40046,0.56982,62.8,1.31
2010,0.05727,0.40342,0.56765,62.3,1.31
2011,0.05728,0.40639,0.56549,61.6,1.31
2012,0.05724,0.40937,0.56334,61.1,1.31
2013,0.05717,0.41236,0.56121,60.3,1.31
2014,0.05707,0.41536,0.55909,59.8,1.31
2015,0.05694,0.41836,0.55698,59.1,1.31
2016,0.0568,0.42135,0.55488,58.6,1.31
2017,0.05664,0.42433,0.55279,57.9,1.31
2018,0.05647,0.4273,0.55072,57.5,1.31
2019,0.0563,0.43025,0.54865,56.8,1.31
2020,0.05614,0.43318,0.5466,56.3,1.31
2021,0.05599,0.43608,0.54456,55.7,1.31
2022,0.05584,0.43895,0.54253,55,1.31
2023,0.0557,0.44179,0.54052,54.6,1.31
2024,0.05557,0.44458,0.53853,54,1.31
2025,0.05544,0.44734,0.53658,53.6,1.31
2026,0.05532,0.45005,0.53465,52.9,1.31
2027,0.05519,0.45271,0.53277,52.6,1.31
2028,0.05507,0.45532,0.53093,52,1.31
2029,0.05494,0.45787,0.52913,51.4,1.31
2030,0.05481,0.46036,0.52739,51,1.31
2031,0.05467,0.46279,0.5257,50.5,1.31
2032,0.05452,0.46516,0.52407,50.1,1.31
2033,0.05437,0.46748,0.52249,49.5,1.31
2034,0.05421,0.46974,0.52096,49.2,1.31
2035,0.05404,0.47195,0.51948,48.6,1.31
2036,0.05385,0.47412,0.51804,48.1,1.31
2037,0.05365,0.47625,0.51664,47.7,1.31
2038,0.05344,0.47834,0.51527,47.2,1.31
2039,0.05321,0.4804,0.51395,46.9,1.31
2040,0.05296,0.48243,0.51265,46.4,1.31
2041,0.0527,0.48443,0.51139,45.8,1.31
2042,0.05241,0.4864,0.51015,45.5,1.31
2043,0.05211,0.48835,0.50894,45,1.3
2044,0.0518,0.49027,0.50777,44.7,1.3
2045,0.05147,0.49216,0.50662,44.3,1.3
2046,0.05112,0.49402,0.5055,43.8,1.3
2047,0.05076,0.49586,0.5044,43.5,1.3
2048,0.05039,0.49767,0.50334,43,1.3
2049,0.05001,0.49945,0.5023,42.7,1.3
2050,0.04962,0.50121,0.50128,42.3,1.3
2051,0.04922,0.50294,0.5003,41.9,1.3
2052,0.0488,0.50464,0.49934,41.6,1.3
2053,0.04838,0.50631,0.49841,41.2,1.3
2054,0.04794,0.50796,0.4975,40.7,1.3
2055,0.04748,0.50958,0.49663,40.5,1.3
2056,0.047,0.51119,0.49578,40,1.3
2057,0.0465,0.51277,0.49497,39.8,1.3
2058,0.04598,0.51433,0.49418,39.3,1.3
2059,0.04543,0.51587,0.49343,38.9,1.3
2060,0.04486,0.51739,0.49271,38.7,1.3
2061,0.04426,0.5189,0.49202,38.3,1.3
2062,0.04364,0.52037,0.49137,37.9,1.3
2063,0.043,0.52181,0.49076,37.6,1.3
2064,0.04236,0.5232,0.4902,37.3,1.3
2065,0.04173,0.52454,0.48969,36.9,1.3
2066,0.04111,0.5258,0.48923,36.6,1.3
2067,0.04051,0.527,0.48883,36.3,1.3
2068,0.03994,0.5281,0.48849,35.9,1.3
2069,0.0394,0.52911,0.48822,35.7,1.3
2070,0.03892,0.53001,0.48802,35.4,1.3
2071,0.03848,0.5308,0.48789,35,1.3
2072,0.0381,0.53148,0.48784,34.8,1.3
2073,0.03776,0.53207,0.48785,34.5,1.3
2074,0.03745,0.53257,0.48792,34.1,1.3
2075,0.03719,0.53298,0.48803,33.9,1.3
2076,0.03695,0.53333,0.4882,33.6,1.3
2077,0.03673,0.53362,0.4884,33.3,1.3
2078,0.03653,0.53385,0.48864,33.1,1.3
2079,0.03635,0.53404,0.48891,32.8,1.3
2080,0.03617,0.5342,0.48919,32.5,1.3
2081,0.036,0.53433,0.4895,32.3,1.3
2082,0.03583,0.53445,0.48981,32,1.3
2083,0.03567,0.53455,0.49012,31.7,1.3
2084,0.0355,0.53466,0.49043,31.5,1.3
2085,0.03534,0.53477,0.49073,31.3,1.3
2086,0.03518,0.53489,0.49101,31,1.3
2087,0.03502,0.53504,0.49126,30.7,1.3
2088,0.03486,0.53521,0.49149,30.5,1.3
2089,0.0347,0.53542,0.49167,30.3,1.3
2090,0.03454,0.53567,0.49182,30,1.3
2091,0.03438,0.53596,0.49191,29.8,1.3
2092,0.03421,0.53628,0.49199,29.6,1.3
2093,0.03405,0.5366,0.49206,29.3,1.3
2094,0.03389,0.53689,0.49217,29.1,1.3
2095,0.03372,0.53712,0.49234,28.9,1.3
2096,0.03356,0.53727,0.49259,28.7,1.3
2097,0.03339,0.53731,0.49296,28.4,1.3
2098,0.03322,0.53721,0.49347,28.2,1.3
2099,0.03306,0.53695,0.49415,28,1.3
2100,0.03289,0.5365,0.49502,27.8,1.3
2101,0.03272,0.53584,0.49611,27.5,1.3
2102,0.03256,0.53501,0.49739,27.4,1.3
2103,0.0324,0.53404,0.4988,27.1,1.3
2104,0.03225,0.53296,0.50032,26.9,1.3
2105,0.03212,0.53183,0.5019,26.7,1.3
2106,0.03201,0.53066,0.50351,26.6,1.3
2107,0.03192,0.52952,0.5051,26.4,1.3
2108,0.03185,0.52842,0.50663,26.2,1.3
2109,0.03181,0.52742,0.50806,26,1.3
2110,0.0318,0.52655,0.50935,25.8,1.3
2111,0.03183,0.52583,0.51048,25.7,1.3
2112,0.03189,0.52526,0.51145,25.5,1.3
2113,0.03198,0.5248,0.5123,25.3,1.3
2114,0.03208,0.52442,0.51307,25.2,1.3
2115,0.03219,0.5241,0.51376,25,1.3
2116,0.03232,0.52381,0.51443,24.9,1.3
2117,0.03244,0.52352,0.51509,24.7,1.3
2118,0.03256,0.52321,0.51577,24.6,1.3
2119,0.03266,0.52285,0.51651,24.4,1.3
2120,0.03275,0.5224,0.51733,24.2,1.3
2121,0.03282,0.52185,0.51826,24,1.3
2122,0.03286,0.52117,0.51932,23.9,1.3
2123,0.03286,0.52034,0.52054,23.7,1.3
2124,0.03283,0.51934,0.52194,23.6,1.3
2125,0.03275,0.51814,0.52354,23.4,1.3
2126,0.03262,0.51672,0.52536,23.3,1.3
2127,0.03244,0.51507,0.52743,23.2,1.3
2128,0.0322,0.51315,0.52977,23,1.3
2129,0.0319,0.51096,0.5324,22.9,1.3
2130,0.03152,0.50846,0.53534,22.8,1.3
2131,0.03107,0.50563,0.53862,22.6,1.3
2132,0.03054,0.50247,0.54225,22.5,1.3
2133,0.02991,0.49895,0.54625,22.4,1.3
2134,0.02919,0.49506,0.55065,22.3,1.3
2135,0.02836,0.49079,0.55545,22.1,1.3
2136,0.02742,0.48613,0.56068,22,1.3
2137,0.02636,0.48105,0.56636,21.9,1.3
2138,0.02517,0.47555,0.57249,21.8,1.3
2139,0.02385,0.46962,0.57911,21.7,1.3
2140,0.02238,0.46323,0.58623,21.6,1.3
2141,0.02076,0.45639,0.59385,21.5,1.3
2142,0.01902,0.44913,0.60192,21.4,1.3
2143,0.01716,0.44153,0.61037,21.3,1.3
2144,0.01522,0.43362,0.61913,21.2,1.3
2145,0.0132,0.42547,0.62813,21.1,1.3
2146,0.01114,0.41713,0.6373,21,1.3
2147,0.00905,0.40866,0.64658,20.9,1.3
2148,0.00695,0.40012,0.65589,20.9,1.3
2149,0.00486,0.39155,0.66517,20.8,1.3
2150,0.00281,0.38301,0.67434,20.7,1.3
2151,8e-04,0.37456,0.68335,20.6,1.3
2152,-0.00114,0.36624,0.69214,20.5,1.3
2153,-0.00302,0.35808,0.7007,20.4,1.3
2154,-0.00484,0.35011,0.70897,20.3,1.3
2155,-0.00658,0.34238,0.71693,20.3,1.3
2156,-0.00824,0.33491,0.72454,20.2,1.3
2157,-0.00981,0.32774,0.73175,20.1,1.3
2158,-0.0113,0.32092,0.73855,20,1.3
2159,-0.0127,0.31446,0.74488,20,1.3
2160,-0.014,0.30841,0.75072,19.9,1.3
2161,-0.0152,0.3028,0.75604,19.8,1.3
2162,-0.0163,0.2976,0.76087,19.8,1.3
2163,-0.01734,0.29278,0.76525,19.7,1.3
2164,-0.0183,0.28831,0.76923,19.6,1.3
2165,-0.01922,0.28416,0.77285,19.6,1.3
2166,-0.02011,0.28029,0.77614,19.5,1.3
2167,-0.02097,0.27668,0.77915,19.5,1.3
2168,-0.02183,0.2733,0.78193,19.4,1.3
2169,-0.02269,0.2701,0.78451,19.4,1.3
2170,-0.02356,0.26707,0.78694,19.3,1.3
2171,-0.02447,0.26417,0.78926,19.3,1.3
2172,-0.02541,0.2614,0.79146,19.2,1.3
2173,-0.02637,0.25875,0.79355,19.2,1.3
2174,-0.02737,0.25621,0.79553,19.1,1.3
2175,-0.02838,0.2538,0.79739,19.1,1.3
2176,-0.02942,0.2515,0.79915,19,1.3
2177,-0.03047,0.24931,0.80079,19,1.3
2178,-0.03155,0.24724,0.80232,19,1.3
2179,-0.03264,0.24526,0.80374,18.9,1.3
2180,-0.03374,0.24339,0.80504,18.8,1.3
2181,-0.03486,0.2416,0.80624,18.8,1.3
2182,-0.036,0.23985,0.80742,18.7,1.3
2183,-0.03719,0.23804,0.80865,18.7,1.3
2184,-0.03844,0.23613,0.81002,18.7,1.3
2185,-0.03977,0.23402,0.81162,18.6,1.3
2186,-0.0412,0.23165,0.81353,18.6,1.3
2187,-0.04273,0.22896,0.81583,18.5,1.3
2188,-0.0444,0.22586,0.81861,18.5,1.3
2189,-0.04621,0.22228,0.82195,18.5,1.3
2190,-0.04819,0.21816,0.82595,18.4,1.3
2191,-0.05033,0.21345,0.83065,18.4,1.3
2192,-0.05263,0.20821,0.83598,18.4,1.3
2193,-0.05504,0.20253,0.84183,18.4,1.3
2194,-0.05755,0.19652,0.84812,18.4,1.3
2195,-0.06011,0.19025,0.85472,18.4,1.3
2196,-0.06271,0.18382,0.86155,18.4,1.3
2197,-0.0653,0.17733,0.86849,18.4,1.3
2198,-0.06786,0.17086,0.87544,18.4,1.3
2199,-0.07036,0.16451,0.88231,18.4,1.3
2200,-0.07277,0.15837,0.88899,18.3,1.3
2201,-0.07506,0.15256,0.89534,18.3,1.3
2202,-0.07717,0.14727,0.90114,18.3,1.3
2203,-0.07906,0.14276,0.90613,18.3,1.3
2204,-0.08067,0.13926,0.91003,18.3,1.3
2205,-0.08195,0.137,0.9126,18.3,1.3
2206,-0.08286,0.13621,0.91357,18.3,1.3
2207,-0.08333,0.13714,0.91268,18.3,1.3
2208,-0.08333,0.14001,0.90966,18.3,1.3
2209,-0.08278,0.14507,0.90427,18.3,1.3
2210,-0.08166,0.15254,0.89623,18.3,1.3
2211,-0.07992,0.16255,0.88541,18.3,1.3
2212,-0.07764,0.17474,0.8722,18.3,1.3
2213,-0.07493,0.18866,0.85709,18.3,1.3
2214,-0.07189,0.20383,0.8406,18.3,1.3
2215,-0.06861,0.2198,0.82323,18.3,1.3
2216,-0.06521,0.2361,0.80549,18.3,1.29
2217,-0.06178,0.25226,0.78789,18.4,1.29
2218,-0.05842,0.26782,0.77092,18.4,1.29
2219,-0.05524,0.28232,0.7551,18.4,1.29
2220,-0.05234,0.29528,0.74094,18.4,1.29
2221,-0.04979,0.30636,0.72882,18.4,1.29
2222,-0.04759,0.31562,0.71867,18.4,1.29
2223,-0.04571,0.32324,0.7103,18.4,1.29
2224,-0.04412,0.32939,0.70352,18.4,1.29
2225,-0.04278,0.33427,0.69814,18.4,1.29
2226,-0.04167,0.33803,0.69397,18.5,1.29
2227,-0.04076,0.34087,0.69081,18.5,1.29
2228,-0.04002,0.34295,0.68848,18.5,1.29
2229,-0.03942,0.34445,0.6868,18.5,1.29
2230,-0.03892,0.34556,0.68555,18.6,1.29
2231,-0.0385,0.34643,0.68459,18.6,1.29
2232,-0.03815,0.34712,0.68384,18.6,1.29
2233,-0.03786,0.34767,0.68326,18.6,1.29
2234,-0.03763,0.34812,0.6828,18.7,1.29
2235,-0.03745,0.34851,0.68242,18.7,1.29
2236,-0.0373,0.34889,0.68207,18.7,1.29
2237,-0.03719,0.34929,0.68171,18.8,1.29
2238,-0.0371,0.34976,0.68129,18.8,1.29
2239,-0.03702,0.35033,0.68077,18.8,1.29
2240,-0.03696,0.35105,0.6801,18.9,1.29
2241,-0.0369,0.35194,0.67926,18.9,1.29
2242,-0.03684,0.35297,0.67828,19,1.29
2243,-0.03677,0.35409,0.67719,19,1.29
2244,-0.03668,0.35526,0.67606,19.1,1.29
2245,-0.03657,0.35643,0.67492,19.1,1.29
2246,-0.03643,0.35755,0.67383,19.2,1.29
2247,-0.03626,0.35856,0.67282,19.2,1.29
2248,-0.03605,0.35944,0.67194,19.3,1.29
2249,-0.03579,0.36012,0.67125,19.3,1.29
2250,-0.03549,0.36055,0.67079,19.4,1.29
2251,-0.03512,0.36072,0.67059,19.5,1.29
2252,-0.03471,0.36061,0.67065,19.5,1.29
2253,-0.03426,0.36026,0.67095,19.6,1.29
2254,-0.03378,0.35967,0.67148,19.7,1.29
2255,-0.03328,0.35888,0.67222,19.7,1.29
2256,-0.03276,0.3579,0.67315,19.8,1.29
2257,-0.03225,0.35675,0.67425,19.9,1.29
2258,-0.03173,0.35545,0.67552,19.9,1.29
2259,-0.03124,0.35403,0.67693,20,1.29
2260,-0.03076,0.35249,0.67847,20,1.29
2261,-0.03032,0.35087,0.68012,20.1,1.29
2262,-0.02991,0.34916,0.68186,20.2,1.29
2263,-0.02952,0.34739,0.68368,20.3,1.29
2264,-0.02914,0.34555,0.68556,20.4,1.29
2265,-0.02878,0.34367,0.68747,20.5,1.29
2266,-0.02843,0.34175,0.6894,20.5,1.29
2267,-0.02807,0.3398,0.69134,20.6,1.29
2268,-0.02772,0.33783,0.69326,20.7,1.29
2269,-0.02735,0.33586,0.69514,20.8,1.29
2270,-0.02697,0.33388,0.69698,20.9,1.29
2271,-0.02656,0.33192,0.69875,20.9,1.29
2272,-0.02615,0.32995,0.70046,21,1.29
2273,-0.02572,0.32798,0.70214,21.1,1.29
2274,-0.02529,0.32599,0.70379,21.3,1.29
2275,-0.02485,0.32398,0.70543,21.4,1.29
2276,-0.02442,0.32194,0.70708,21.5,1.29
2277,-0.02399,0.31984,0.70875,21.5,1.29
2278,-0.02358,0.3177,0.71045,21.6,1.29
2279,-0.02318,0.31549,0.71221,21.7,1.29
2280,-0.02281,0.31322,0.71404,21.8,1.29
2281,-0.02246,0.31086,0.71595,21.9,1.29
2282,-0.02213,0.30843,0.71793,22,1.29
2283,-0.02183,0.30593,0.71999,22.1,1.29
2284,-0.02155,0.30337,0.72211,22.2,1.29
2285,-0.02128,0.30076,0.7243,22.3,1.29
2286,-0.02103,0.2981,0.72655,22.5,1.29
2287,-0.0208,0.2954,0.72884,22.6,1.29
2288,-0.02058,0.29266,0.73119,22.8,1.29
2289,-0.02037,0.2899,0.73357,22.9,1.29
2290,-0.02017,0.28712,0.736,23,1.29
2291,-0.01997,0.28432,0.73845,23.1,1.29
2292,-0.01978,0.28149,0.74095,23.3,1.29
2293,-0.0196,0.27863,0.7435,23.4,1.29
2294,-0.01943,0.27573,0.7461,23.5,1.29
2295,-0.01927,0.27276,0.74877,23.6,1.29
2296,-0.01912,0.26972,0.75152,23.8,1.29
2297,-0.01898,0.2666,0.75436,23.9,1.29
2298,-0.01885,0.26339,0.75729,24.1,1.29
2299,-0.01873,0.26007,0.76032,24.2,1.29
2300,-0.01862,0.25663,0.76346,24.3,1.29
2301,-0.01853,0.25308,0.76672,24.4,1.29
2302,-0.01846,0.24944,0.77006,24.6,1.29
2303,-0.01842,0.24578,0.77343,24.7,1.29
2304,-0.01842,0.24214,0.77681,24.9,1.29
2305,-0.01847,0.23856,0.78014,25,1.29
2306,-0.01858,0.2351,0.78338,25.2,1.29
2307,-0.01875,0.23181,0.7865,25.3,1.29
2308,-0.019,0.22874,0.78944,25.5,1.29
2309,-0.01933,0.22593,0.79218,25.6,1.29
2310,-0.01976,0.22343,0.79467,25.8,1.29
2311,-0.02028,0.22128,0.79687,25.9,1.29
2312,-0.02088,0.21943,0.79883,26.1,1.29
2313,-0.02155,0.21785,0.80057,26.2,1.29
2314,-0.02226,0.21646,0.80214,26.5,1.29
2315,-0.02298,0.21523,0.80357,26.6,1.29
2316,-0.02371,0.21408,0.80491,26.8,1.29
2317,-0.02442,0.21298,0.8062,27,1.29
2318,-0.02508,0.21187,0.80747,27.1,1.29
2319,-0.02568,0.21068,0.80876,27.3,1.29
2320,-0.02621,0.20938,0.81012,27.4,1.29
2321,-0.02663,0.20792,0.81158,27.6,1.29
2322,-0.02696,0.2063,0.81312,27.9,1.29
2323,-0.0272,0.20455,0.81474,28,1.29
2324,-0.02736,0.2027,0.81641,28.2,1.29
2325,-0.02745,0.20076,0.81812,28.4,1.29
2326,-0.02748,0.19877,0.81985,28.6,1.29
2327,-0.02746,0.19673,0.82158,28.7,1.28
2328,-0.02739,0.19467,0.82331,29,1.28
2329,-0.02728,0.19262,0.825,29.2,1.28
2330,-0.02714,0.1906,0.82665,29.3,1.28
2331,-0.02698,0.18861,0.82825,29.5,1.28
2332,-0.02679,0.18664,0.82983,29.7,1.28
2333,-0.02659,0.18463,0.83143,29.9,1.28
2334,-0.02636,0.18255,0.8331,30,1.28
2335,-0.02611,0.18035,0.83488,30.4,1.28
2336,-0.02584,0.17799,0.83681,30.5,1.28
2337,-0.02555,0.17543,0.83894,30.7,1.28
2338,-0.02524,0.17262,0.84131,30.9,1.28
2339,-0.02491,0.16954,0.84395,31.1,1.28
2340,-0.02456,0.16612,0.84693,31.5,1.28
2341,-0.02419,0.16236,0.85025,31.6,1.28
2342,-0.0238,0.15829,0.85388,31.8,1.28
2343,-0.02339,0.15397,0.85777,32,1.28
2344,-0.02296,0.14947,0.86186,32.2,1.28
2345,-0.02251,0.14484,0.8661,32.4,1.28
2346,-0.02204,0.14014,0.87042,32.7,1.28
2347,-0.02155,0.13545,0.87477,32.9,1.28
2348,-0.02104,0.13081,0.8791,33.1,1.28
2349,-0.02052,0.12628,0.88335,33.3,1.28
2350,-0.01997,0.12194,0.88746,33.5,1.28
2351,-0.0194,0.11782,0.89139,33.9,1.28
2352,-0.01882,0.11392,0.89514,34,1.28
2353,-0.01821,0.11022,0.89872,34.3,1.28
2354,-0.01759,0.1067,0.90215,34.5,1.28
2355,-0.01694,0.10334,0.90542,34.7,1.28
2356,-0.01628,0.10013,0.90856,34.9,1.28
2357,-0.01559,0.09704,0.91158,35.3,1.28
2358,-0.01488,0.09405,0.91448,35.5,1.28
2359,-0.01415,0.09114,0.91728,35.7,1.28
2360,-0.0134,0.0883,0.91998,35.9,1.28
2361,-0.01264,0.0855,0.92261,36.1,1.28
2362,-0.01186,0.08271,0.9252,36.6,1.28
2363,-0.01108,0.07991,0.92777,36.8,1.28
2364,-0.01032,0.07706,0.93038,37,1.28
2365,-0.00959,0.07414,0.93305,37.2,1.28
2366,-0.0089,0.07111,0.93582,37.6,1.28
2367,-0.00826,0.06795,0.93873,37.8,1.28
2368,-0.00769,0.06462,0.94182,38,1.28
2369,-0.0072,0.06109,0.94511,38.3,1.28
2370,-0.00679,0.05733,0.94866,38.5,1.28
2371,-0.00649,0.05334,0.95246,38.9,1.28
2372,-0.00627,0.04915,0.95648,39.1,1.28
2373,-0.00611,0.04483,0.96065,39.4,1.28
2374,-0.00601,0.04045,0.96488,39.6,1.28
2375,-0.00593,0.03607,0.96911,40.1,1.28
2376,-0.00586,0.03175,0.97328,40.2,1.28
2377,-0.00579,0.02757,0.9773,40.5,1.28
2378,-0.00569,0.02357,0.98111,40.8,1.28
2379,-0.00554,0.01983,0.98464,41,1.28
2380,-0.00533,0.0164,0.98781,41.5,1.28
2381,-0.00505,0.01335,0.99058,41.7,1.28
2382,-0.00469,0.01067,0.99294,42,1.28
2383,-0.00426,0.00833,0.99493,42.2,1.28
2384,-0.00378,0.00631,0.99655,42.7,1.28
2385,-0.00324,0.0046,0.99784,42.9,1.28
2386,-0.00265,0.00319,0.99881,43.2,1.28
2387,-0.00203,0.00203,0.99949,43.4,1.28
2388,-0.00138,0.00113,0.9999,43.9,1.28
2389,-7e-04,0.00046,1.0001,44.1,1.28
2390,0,0,1,44.4,1.28
2391,0.00071,-0.00027,0.99973,44.6,1.28
2392,0.00141,-0.00039,0.99929,45.1,1.28
2393,0.00212,-0.00038,0.99873,45.4,1.28
2394,0.00281,-0.00029,0.99806,45.7,1.28
2395,0.00349,-0.00015,0.99735,45.9,1.28
2396,0.00413,1e-05,0.99661,46.4,1.28
2397,0.00475,0.00016,0.99589,46.6,1.28
2398,0.00532,0.00024,0.99522,46.9,1.28
2399,0.00585,0.00024,0.99465,47.1,1.28
2400,0.00633,0.00012,0.9942,47.6,1.28
