wave,rfl_soil1,rfl_soil2,rfl_soil3
400,0.071000,0.061800,0.058400
401,0.071000,0.061800,0.058400
402,0.071000,0.061800,0.058400
403,0.071000,0.061800,0.058400
404,0.071000,0.061800,0.058500
405,0.071100,0.061900,0.058500
406,0.071300,0.062000,0.058600
407,0.071400,0.062100,0.058700
408,0.071600,0.062200,0.058800
409,0.071800,0.062300,0.058900
410,0.072000,0.062500,0.059000
411,0.072200,0.062700,0.059100
412,0.072500,0.062800,0.059300
413,0.072800,0.063000,0.059400
414,0.073100,0.063200,0.059600
415,0.073400,0.063400,0.059800
416,0.073700,0.063700,0.060000
417,0.074000,0.063900,0.060100
418,0.074300,0.064100,0.060300
419,0.074700,0.064300,0.060500
420,0.075000,0.064600,0.060700
421,0.075300,0.064800,0.060900
422,0.075700,0.065000,0.061100
423,0.076000,0.065300,0.061300
424,0.076400,0.065500,0.061500
425,0.076800,0.065800,0.061700
426,0.077200,0.066100,0.062000
427,0.077600,0.066300,0.062200
428,0.078000,0.066700,0.062500
429,0.078500,0.067000,0.062700
430,0.079000,0.067300,0.063000
431,0.079500,0.067700,0.063300
432,0.080100,0.068100,0.063700
433,0.080700,0.068500,0.064000
434,0.081300,0.068900,0.064300
435,0.081900,0.069300,0.064700
436,0.082500,0.069700,0.065100
437,0.083100,0.070200,0.065400
438,0.083800,0.070600,0.065800
439,0.084400,0.071000,0.066100
440,0.085000,0.071500,0.066500
441,0.085600,0.071900,0.066800
442,0.086200,0.072300,0.067200
443,0.086700,0.072700,0.067500
444,0.087300,0.073000,0.067800
445,0.087800,0.073400,0.068100
446,0.088300,0.073700,0.068400
447,0.088700,0.074100,0.068700
448,0.089200,0.074400,0.068900
449,0.089600,0.074700,0.069200
450,0.090000,0.074900,0.069400
451,0.090400,0.075200,0.069600
452,0.090700,0.075400,0.069800
453,0.091000,0.075600,0.070000
454,0.091300,0.075800,0.070200
455,0.091600,0.076000,0.070300
456,0.091900,0.076200,0.070500
457,0.092200,0.076400,0.070600
458,0.092400,0.076600,0.070800
459,0.092700,0.076800,0.071000
460,0.093000,0.077000,0.071100
461,0.093300,0.077200,0.071300
462,0.093600,0.077400,0.071500
463,0.093900,0.077600,0.071600
464,0.094200,0.077800,0.071800
465,0.094500,0.078100,0.072000
466,0.094800,0.078300,0.072200
467,0.095100,0.078500,0.072400
468,0.095400,0.078700,0.072500
469,0.095700,0.078900,0.072700
470,0.096000,0.079100,0.072900
471,0.096300,0.079300,0.073000
472,0.096500,0.079400,0.073200
473,0.096800,0.079600,0.073300
474,0.097000,0.079800,0.073400
475,0.097300,0.080000,0.073600
476,0.097600,0.080200,0.073800
477,0.097900,0.080400,0.073900
478,0.098200,0.080600,0.074100
479,0.098600,0.080900,0.074400
480,0.099000,0.081200,0.074600
481,0.099500,0.081500,0.074900
482,0.100000,0.081900,0.075200
483,0.100500,0.082200,0.075500
484,0.101100,0.082700,0.075900
485,0.101800,0.083100,0.076200
486,0.102400,0.083500,0.076600
487,0.103000,0.084000,0.077000
488,0.103700,0.084500,0.077400
489,0.104400,0.084900,0.077800
490,0.105000,0.085400,0.078100
491,0.105600,0.085800,0.078500
492,0.106300,0.086300,0.078900
493,0.106900,0.086700,0.079300
494,0.107500,0.087100,0.079600
495,0.108100,0.087500,0.080000
496,0.108700,0.087900,0.080300
497,0.109300,0.088400,0.080700
498,0.109800,0.088800,0.081000
499,0.110400,0.089200,0.081400
500,0.111000,0.089600,0.081700
501,0.111600,0.090000,0.082000
502,0.112200,0.090400,0.082400
503,0.112700,0.090800,0.082700
504,0.113300,0.091200,0.083100
505,0.113900,0.091600,0.083400
506,0.114500,0.092000,0.083800
507,0.115100,0.092500,0.084100
508,0.115700,0.092900,0.084500
509,0.116400,0.093400,0.084900
510,0.117000,0.093800,0.085300
511,0.117700,0.094300,0.085700
512,0.118300,0.094800,0.086100
513,0.119000,0.095200,0.086500
514,0.119700,0.095700,0.086900
515,0.120400,0.096200,0.087300
516,0.121200,0.096700,0.087800
517,0.121900,0.097300,0.088200
518,0.122600,0.097800,0.088600
519,0.123300,0.098300,0.089100
520,0.124000,0.098800,0.089500
521,0.124700,0.099300,0.089900
522,0.125400,0.099800,0.090300
523,0.126100,0.100200,0.090700
524,0.126700,0.100700,0.091100
525,0.127300,0.101100,0.091500
526,0.127900,0.101600,0.091900
527,0.128500,0.102000,0.092200
528,0.129100,0.102400,0.092500
529,0.129500,0.102700,0.092800
530,0.130000,0.103000,0.093100
531,0.130400,0.103300,0.093400
532,0.130800,0.103600,0.093600
533,0.131100,0.103800,0.093800
534,0.131400,0.104000,0.094000
535,0.131700,0.104200,0.094100
536,0.132000,0.104400,0.094300
537,0.132200,0.104600,0.094500
538,0.132500,0.104800,0.094600
539,0.132700,0.105000,0.094800
540,0.133000,0.105200,0.094900
541,0.133300,0.105400,0.095100
542,0.133600,0.105600,0.095300
543,0.133900,0.105800,0.095500
544,0.134300,0.106100,0.095700
545,0.134600,0.106300,0.095900
546,0.135000,0.106600,0.096200
547,0.135500,0.106900,0.096400
548,0.135900,0.107300,0.096700
549,0.136500,0.107600,0.097000
550,0.137000,0.108000,0.097400
551,0.137600,0.108400,0.097700
552,0.138200,0.108900,0.098100
553,0.138900,0.109400,0.098500
554,0.139600,0.109900,0.098900
555,0.140300,0.110400,0.099400
556,0.141000,0.110900,0.099800
557,0.141700,0.111400,0.100300
558,0.142500,0.111900,0.100700
559,0.143200,0.112500,0.101200
560,0.144000,0.113000,0.101600
561,0.144700,0.113600,0.102100
562,0.145500,0.114100,0.102500
563,0.146200,0.114600,0.103000
564,0.146900,0.115100,0.103400
565,0.147600,0.115600,0.103900
566,0.148300,0.116100,0.104300
567,0.149000,0.116600,0.104700
568,0.149700,0.117100,0.105100
569,0.150400,0.117600,0.105500
570,0.151000,0.118100,0.105900
571,0.151600,0.118500,0.106300
572,0.152200,0.119000,0.106700
573,0.152900,0.119400,0.107100
574,0.153500,0.119800,0.107400
575,0.154000,0.120200,0.107800
576,0.154600,0.120700,0.108200
577,0.155200,0.121100,0.108500
578,0.155800,0.121500,0.108900
579,0.156400,0.121900,0.109300
580,0.157000,0.122400,0.109600
581,0.157600,0.122800,0.110000
582,0.158200,0.123300,0.110400
583,0.158800,0.123700,0.110800
584,0.159500,0.124200,0.111200
585,0.160100,0.124600,0.111600
586,0.160700,0.125000,0.111900
587,0.161300,0.125500,0.112300
588,0.161900,0.125900,0.112700
589,0.162400,0.126300,0.113000
590,0.163000,0.126700,0.113400
591,0.163500,0.127100,0.113700
592,0.164100,0.127500,0.114000
593,0.164600,0.127900,0.114400
594,0.165100,0.128200,0.114700
595,0.165600,0.128600,0.115000
596,0.166000,0.128900,0.115300
597,0.166500,0.129300,0.115600
598,0.167000,0.129600,0.115900
599,0.167500,0.130000,0.116200
600,0.168000,0.130400,0.116500
601,0.168500,0.130700,0.116800
602,0.169000,0.131100,0.117100
603,0.169500,0.131500,0.117500
604,0.170000,0.131800,0.117800
605,0.170600,0.132200,0.118100
606,0.171100,0.132600,0.118400
607,0.171600,0.133000,0.118700
608,0.172100,0.133300,0.119100
609,0.172500,0.133700,0.119400
610,0.173000,0.134000,0.119600
611,0.173400,0.134300,0.119900
612,0.173900,0.134600,0.120200
613,0.174300,0.134900,0.120500
614,0.174700,0.135200,0.120700
615,0.175100,0.135500,0.121000
616,0.175500,0.135800,0.121200
617,0.175800,0.136100,0.121400
618,0.176200,0.136400,0.121700
619,0.176600,0.136600,0.121900
620,0.177000,0.136900,0.122200
621,0.177400,0.137200,0.122400
622,0.177800,0.137500,0.122700
623,0.178200,0.137800,0.122900
624,0.178600,0.138100,0.123200
625,0.179000,0.138400,0.123400
626,0.179400,0.138700,0.123700
627,0.179800,0.139000,0.123900
628,0.180200,0.139300,0.124200
629,0.180600,0.139600,0.124500
630,0.181000,0.139800,0.124700
631,0.181400,0.140100,0.124900
632,0.181800,0.140400,0.125200
633,0.182100,0.140700,0.125400
634,0.182500,0.141000,0.125700
635,0.182900,0.141200,0.125900
636,0.183300,0.141500,0.126200
637,0.183700,0.141800,0.126400
638,0.184100,0.142100,0.126700
639,0.184500,0.142500,0.127000
640,0.185000,0.142800,0.127300
641,0.185500,0.143100,0.127600
642,0.186000,0.143500,0.127900
643,0.186500,0.143900,0.128200
644,0.187000,0.144200,0.128500
645,0.187500,0.144600,0.128800
646,0.188000,0.145000,0.129200
647,0.188500,0.145400,0.129500
648,0.189000,0.145700,0.129800
649,0.189500,0.146100,0.130100
650,0.190000,0.146500,0.130400
651,0.190500,0.146800,0.130700
652,0.190900,0.147100,0.131000
653,0.191300,0.147400,0.131300
654,0.191700,0.147700,0.131600
655,0.192100,0.148000,0.131800
656,0.192500,0.148300,0.132100
657,0.192900,0.148600,0.132300
658,0.193300,0.148900,0.132500
659,0.193600,0.149100,0.132800
660,0.194000,0.149400,0.133000
661,0.194400,0.149700,0.133300
662,0.194700,0.150000,0.133500
663,0.195100,0.150200,0.133700
664,0.195500,0.150500,0.134000
665,0.195900,0.150800,0.134200
666,0.196300,0.151100,0.134500
667,0.196700,0.151400,0.134800
668,0.197100,0.151700,0.135000
669,0.197600,0.152000,0.135300
670,0.198000,0.152400,0.135600
671,0.198500,0.152700,0.135900
672,0.198900,0.153100,0.136200
673,0.199400,0.153400,0.136500
674,0.199900,0.153800,0.136800
675,0.200400,0.154200,0.137100
676,0.200900,0.154500,0.137500
677,0.201400,0.154900,0.137800
678,0.202000,0.155300,0.138100
679,0.202500,0.155700,0.138500
680,0.203000,0.156100,0.138800
681,0.203500,0.156500,0.139200
682,0.204000,0.156900,0.139500
683,0.204600,0.157200,0.139800
684,0.205100,0.157600,0.140200
685,0.205600,0.158000,0.140500
686,0.206100,0.158400,0.140800
687,0.206600,0.158700,0.141100
688,0.207100,0.159100,0.141500
689,0.207500,0.159500,0.141800
690,0.208000,0.159800,0.142100
691,0.208400,0.160100,0.142300
692,0.208900,0.160400,0.142600
693,0.209300,0.160800,0.142900
694,0.209700,0.161100,0.143200
695,0.210100,0.161400,0.143400
696,0.210500,0.161700,0.143700
697,0.210900,0.161900,0.143900
698,0.211300,0.162200,0.144200
699,0.211600,0.162500,0.144400
700,0.212000,0.162800,0.144700
701,0.212400,0.163000,0.144900
702,0.212700,0.163300,0.145100
703,0.213100,0.163600,0.145400
704,0.213500,0.163900,0.145600
705,0.213900,0.164200,0.145900
706,0.214300,0.164500,0.146100
707,0.214700,0.164800,0.146400
708,0.215100,0.165100,0.146700
709,0.215500,0.165400,0.147000
710,0.216000,0.165800,0.147300
711,0.216500,0.166100,0.147600
712,0.217000,0.166500,0.147900
713,0.217500,0.166900,0.148300
714,0.218000,0.167300,0.148600
715,0.218500,0.167700,0.148900
716,0.219100,0.168000,0.149300
717,0.219600,0.168400,0.149600
718,0.220100,0.168800,0.149900
719,0.220500,0.169200,0.150300
720,0.221000,0.169500,0.150600
721,0.221400,0.169800,0.150800
722,0.221800,0.170100,0.151100
723,0.222200,0.170400,0.151400
724,0.222600,0.170700,0.151600
725,0.223000,0.171000,0.151900
726,0.223400,0.171300,0.152100
727,0.223800,0.171600,0.152400
728,0.224200,0.171900,0.152600
729,0.224600,0.172200,0.152900
730,0.225000,0.172500,0.153200
731,0.225500,0.172800,0.153500
732,0.225900,0.173200,0.153800
733,0.226400,0.173600,0.154100
734,0.227000,0.174000,0.154500
735,0.227500,0.174400,0.154800
736,0.228000,0.174800,0.155200
737,0.228500,0.175100,0.155500
738,0.229000,0.175500,0.155800
739,0.229500,0.175900,0.156200
740,0.230000,0.176300,0.156500
741,0.230500,0.176600,0.156800
742,0.230900,0.176900,0.157100
743,0.231300,0.177200,0.157300
744,0.231700,0.177500,0.157600
745,0.232100,0.177800,0.157900
746,0.232500,0.178100,0.158100
747,0.232900,0.178400,0.158400
748,0.233200,0.178700,0.158600
749,0.233600,0.179000,0.158900
750,0.234000,0.179300,0.159100
751,0.234400,0.179600,0.159400
752,0.234800,0.179900,0.159700
753,0.235200,0.180200,0.159900
754,0.235600,0.180500,0.160200
755,0.236000,0.180800,0.160500
756,0.236400,0.181100,0.160700
757,0.236800,0.181400,0.161000
758,0.237200,0.181700,0.161300
759,0.237600,0.182000,0.161500
760,0.238000,0.182300,0.161800
761,0.238400,0.182600,0.162100
762,0.238800,0.182900,0.162400
763,0.239200,0.183200,0.162600
764,0.239600,0.183500,0.162900
765,0.240000,0.183800,0.163200
766,0.240400,0.184200,0.163500
767,0.240800,0.184500,0.163700
768,0.241200,0.184800,0.164000
769,0.241600,0.185100,0.164300
770,0.242000,0.185400,0.164600
771,0.242400,0.185700,0.164900
772,0.242800,0.186000,0.165100
773,0.243300,0.186400,0.165400
774,0.243700,0.186700,0.165700
775,0.244100,0.187000,0.166000
776,0.244500,0.187300,0.166300
777,0.244900,0.187600,0.166500
778,0.245300,0.187900,0.166800
779,0.245600,0.188200,0.167000
780,0.246000,0.188500,0.167300
781,0.246300,0.188700,0.167500
782,0.246700,0.189000,0.167700
783,0.247000,0.189200,0.167900
784,0.247300,0.189400,0.168100
785,0.247600,0.189600,0.168300
786,0.247800,0.189900,0.168500
787,0.248100,0.190100,0.168700
788,0.248400,0.190300,0.168900
789,0.248700,0.190500,0.169100
790,0.249000,0.190700,0.169300
791,0.249300,0.191000,0.169500
792,0.249600,0.191200,0.169700
793,0.249900,0.191500,0.169900
794,0.250300,0.191700,0.170200
795,0.250600,0.191900,0.170400
796,0.250900,0.192200,0.170600
797,0.251200,0.192400,0.170800
798,0.251500,0.192600,0.171000
799,0.251700,0.192800,0.171200
800,0.252000,0.193000,0.171300
801,0.252200,0.193200,0.171500
802,0.252400,0.193400,0.171600
803,0.252600,0.193500,0.171800
804,0.252800,0.193700,0.171900
805,0.253000,0.193800,0.172000
806,0.253200,0.193900,0.172100
807,0.253400,0.194100,0.172300
808,0.253600,0.194200,0.172400
809,0.253800,0.194400,0.172500
810,0.254000,0.194600,0.172700
811,0.254200,0.194800,0.172900
812,0.254500,0.195000,0.173000
813,0.254800,0.195200,0.173200
814,0.255100,0.195400,0.173400
815,0.255400,0.195600,0.173700
816,0.255700,0.195900,0.173900
817,0.256000,0.196100,0.174100
818,0.256300,0.196400,0.174400
819,0.256700,0.196700,0.174600
820,0.257000,0.196900,0.174800
821,0.257300,0.197200,0.175100
822,0.257700,0.197500,0.175300
823,0.258000,0.197800,0.175600
824,0.258400,0.198000,0.175800
825,0.258700,0.198300,0.176000
826,0.259000,0.198500,0.176200
827,0.259300,0.198700,0.176400
828,0.259600,0.198900,0.176600
829,0.259800,0.199100,0.176800
830,0.260000,0.199300,0.176900
831,0.260200,0.199400,0.177000
832,0.260300,0.199500,0.177100
833,0.260400,0.199600,0.177200
834,0.260500,0.199600,0.177200
835,0.260600,0.199700,0.177300
836,0.260700,0.199800,0.177300
837,0.260700,0.199800,0.177400
838,0.260800,0.199900,0.177400
839,0.260900,0.199900,0.177500
840,0.261000,0.200000,0.177500
841,0.261100,0.200100,0.177600
842,0.261300,0.200200,0.177700
843,0.261400,0.200300,0.177800
844,0.261600,0.200500,0.178000
845,0.261800,0.200600,0.178100
846,0.262000,0.200800,0.178200
847,0.262200,0.201000,0.178400
848,0.262500,0.201100,0.178600
849,0.262700,0.201300,0.178700
850,0.263000,0.201500,0.178900
851,0.263300,0.201800,0.179100
852,0.263600,0.202000,0.179300
853,0.263900,0.202200,0.179500
854,0.264200,0.202500,0.179700
855,0.264500,0.202700,0.180000
856,0.264800,0.202900,0.180200
857,0.265100,0.203200,0.180400
858,0.265400,0.203400,0.180600
859,0.265700,0.203600,0.180800
860,0.266000,0.203900,0.181000
861,0.266300,0.204100,0.181200
862,0.266500,0.204300,0.181300
863,0.266800,0.204500,0.181500
864,0.267000,0.204600,0.181700
865,0.267200,0.204800,0.181800
866,0.267400,0.204900,0.181900
867,0.267600,0.205100,0.182100
868,0.267700,0.205200,0.182200
869,0.267900,0.205300,0.182300
870,0.268000,0.205400,0.182300
871,0.268100,0.205500,0.182400
872,0.268200,0.205500,0.182500
873,0.268300,0.205600,0.182500
874,0.268300,0.205700,0.182600
875,0.268400,0.205700,0.182600
876,0.268500,0.205800,0.182700
877,0.268600,0.205900,0.182800
878,0.268700,0.205900,0.182800
879,0.268800,0.206100,0.182900
880,0.269000,0.206200,0.183100
881,0.269200,0.206400,0.183200
882,0.269400,0.206500,0.183400
883,0.269700,0.206800,0.183600
884,0.270000,0.207000,0.183800
885,0.270300,0.207200,0.184000
886,0.270600,0.207500,0.184200
887,0.271000,0.207700,0.184500
888,0.271300,0.208000,0.184700
889,0.271700,0.208300,0.185000
890,0.272000,0.208600,0.185200
891,0.272300,0.208800,0.185400
892,0.272700,0.209100,0.185700
893,0.273000,0.209400,0.185900
894,0.273300,0.209600,0.186100
895,0.273600,0.209900,0.186400
896,0.273900,0.210100,0.186600
897,0.274200,0.210300,0.186800
898,0.274500,0.210500,0.187000
899,0.274800,0.210700,0.187100
900,0.275000,0.210900,0.187300
901,0.275200,0.211100,0.187500
902,0.275400,0.211200,0.187600
903,0.275600,0.211400,0.187700
904,0.275800,0.211500,0.187900
905,0.276000,0.211700,0.188000
906,0.276200,0.211800,0.188100
907,0.276400,0.212000,0.188200
908,0.276600,0.212100,0.188400
909,0.276800,0.212300,0.188500
910,0.277000,0.212500,0.188700
911,0.277200,0.212600,0.188800
912,0.277500,0.212800,0.189000
913,0.277800,0.213100,0.189200
914,0.278100,0.213300,0.189400
915,0.278400,0.213500,0.189600
916,0.278700,0.213800,0.189800
917,0.279000,0.214000,0.190100
918,0.279300,0.214300,0.190300
919,0.279700,0.214500,0.190500
920,0.280000,0.214800,0.190700
921,0.280300,0.215000,0.191000
922,0.280700,0.215300,0.191200
923,0.281000,0.215500,0.191400
924,0.281300,0.215800,0.191600
925,0.281600,0.216000,0.191800
926,0.281900,0.216200,0.192000
927,0.282200,0.216500,0.192200
928,0.282500,0.216700,0.192400
929,0.282700,0.216900,0.192600
930,0.283000,0.217100,0.192800
931,0.283200,0.217300,0.192900
932,0.283500,0.217400,0.193100
933,0.283700,0.217600,0.193200
934,0.283900,0.217800,0.193400
935,0.284100,0.217900,0.193500
936,0.284300,0.218100,0.193600
937,0.284500,0.218200,0.193700
938,0.284600,0.218300,0.193900
939,0.284800,0.218500,0.194000
940,0.285000,0.218600,0.194100
941,0.285200,0.218700,0.194200
942,0.285400,0.218900,0.194300
943,0.285500,0.219000,0.194400
944,0.285700,0.219200,0.194600
945,0.285900,0.219300,0.194700
946,0.286100,0.219500,0.194800
947,0.286300,0.219600,0.195000
948,0.286500,0.219800,0.195100
949,0.286800,0.220000,0.195300
950,0.287000,0.220100,0.195400
951,0.287300,0.220300,0.195600
952,0.287500,0.220500,0.195700
953,0.287800,0.220700,0.195900
954,0.288100,0.221000,0.196100
955,0.288400,0.221200,0.196300
956,0.288700,0.221400,0.196500
957,0.289000,0.221700,0.196700
958,0.289300,0.221900,0.196900
959,0.289700,0.222200,0.197100
960,0.290000,0.222400,0.197300
961,0.290300,0.222700,0.197600
962,0.290700,0.223000,0.197800
963,0.291000,0.223200,0.198000
964,0.291400,0.223500,0.198300
965,0.291700,0.223700,0.198500
966,0.292000,0.224000,0.198700
967,0.292300,0.224200,0.198900
968,0.292600,0.224400,0.199100
969,0.292800,0.224600,0.199200
970,0.293000,0.224700,0.199400
971,0.293200,0.224900,0.199500
972,0.293300,0.224900,0.199600
973,0.293400,0.225000,0.199600
974,0.293400,0.225100,0.199700
975,0.293500,0.225100,0.199700
976,0.293600,0.225200,0.199800
977,0.293600,0.225200,0.199800
978,0.293700,0.225300,0.199900
979,0.293900,0.225400,0.200000
980,0.294000,0.225500,0.200100
981,0.294200,0.225700,0.200200
982,0.294400,0.225800,0.200400
983,0.294700,0.226100,0.200600
984,0.295000,0.226300,0.200800
985,0.295300,0.226500,0.201000
986,0.295600,0.226800,0.201200
987,0.295900,0.227100,0.201500
988,0.296300,0.227300,0.201700
989,0.296600,0.227600,0.202000
990,0.297000,0.227900,0.202200
991,0.297300,0.228200,0.202500
992,0.297700,0.228400,0.202700
993,0.298000,0.228700,0.203000
994,0.298300,0.229000,0.203200
995,0.298700,0.229200,0.203400
996,0.299000,0.229500,0.203700
997,0.299200,0.229700,0.203900
998,0.299500,0.229900,0.204100
999,0.299800,0.230100,0.204300
1000,0.300000,0.230300,0.204400
1001,0.300200,0.230500,0.204600
1002,0.300400,0.230600,0.204800
1003,0.300600,0.230800,0.204900
1004,0.300800,0.230900,0.205000
1005,0.301000,0.231100,0.205200
1006,0.301200,0.231200,0.205300
1007,0.301300,0.231400,0.205500
1008,0.301500,0.231600,0.205600
1009,0.301800,0.231700,0.205800
1010,0.302000,0.231900,0.206000
1011,0.302300,0.232100,0.206200
1012,0.302500,0.232400,0.206400
1013,0.302800,0.232600,0.206600
1014,0.303100,0.232800,0.206800
1015,0.303500,0.233100,0.207000
1016,0.303800,0.233400,0.207300
1017,0.304100,0.233600,0.207500
1018,0.304400,0.233900,0.207800
1019,0.304700,0.234100,0.208000
1020,0.305000,0.234300,0.208200
1021,0.305300,0.234600,0.208400
1022,0.305500,0.234800,0.208600
1023,0.305800,0.235000,0.208800
1024,0.306000,0.235100,0.208900
1025,0.306200,0.235300,0.209100
1026,0.306400,0.235500,0.209200
1027,0.306600,0.235600,0.209400
1028,0.306700,0.235800,0.209500
1029,0.306900,0.235900,0.209600
1030,0.307000,0.236000,0.209700
1031,0.307100,0.236100,0.209800
1032,0.307200,0.236200,0.209900
1033,0.307300,0.236300,0.210000
1034,0.307400,0.236300,0.210100
1035,0.307500,0.236400,0.210100
1036,0.307600,0.236500,0.210200
1037,0.307700,0.236600,0.210300
1038,0.307800,0.236600,0.210300
1039,0.307900,0.236700,0.210400
1040,0.308000,0.236800,0.210500
1041,0.308100,0.236900,0.210600
1042,0.308300,0.237000,0.210700
1043,0.308400,0.237100,0.210800
1044,0.308600,0.237300,0.210900
1045,0.308800,0.237400,0.211100
1046,0.309000,0.237600,0.211200
1047,0.309200,0.237800,0.211400
1048,0.309400,0.238000,0.211600
1049,0.309700,0.238200,0.211800
1050,0.310000,0.238400,0.212000
1051,0.310300,0.238700,0.212200
1052,0.310700,0.239000,0.212500
1053,0.311000,0.239200,0.212800
1054,0.311400,0.239600,0.213000
1055,0.311800,0.239900,0.213300
1056,0.312200,0.240200,0.213600
1057,0.312700,0.240600,0.213900
1058,0.313100,0.240900,0.214300
1059,0.313600,0.241300,0.214600
1060,0.314000,0.241600,0.214900
1061,0.314400,0.242000,0.215200
1062,0.314900,0.242300,0.215600
1063,0.315300,0.242700,0.215900
1064,0.315800,0.243000,0.216200
1065,0.316200,0.243400,0.216500
1066,0.316600,0.243700,0.216800
1067,0.317000,0.244000,0.217100
1068,0.317400,0.244300,0.217400
1069,0.317700,0.244600,0.217600
1070,0.318000,0.244800,0.217800
1071,0.318300,0.245100,0.218000
1072,0.318500,0.245300,0.218200
1073,0.318800,0.245500,0.218400
1074,0.319000,0.245600,0.218600
1075,0.319100,0.245800,0.218700
1076,0.319300,0.245900,0.218800
1077,0.319500,0.246100,0.219000
1078,0.319700,0.246200,0.219100
1079,0.319800,0.246300,0.219200
1080,0.320000,0.246500,0.219400
1081,0.320200,0.246600,0.219500
1082,0.320400,0.246800,0.219600
1083,0.320600,0.247000,0.219800
1084,0.320800,0.247100,0.219900
1085,0.321000,0.247300,0.220100
1086,0.321200,0.247500,0.220200
1087,0.321400,0.247600,0.220400
1088,0.321600,0.247800,0.220600
1089,0.321800,0.248000,0.220700
1090,0.322000,0.248100,0.220900
1091,0.322200,0.248300,0.221000
1092,0.322400,0.248400,0.221100
1093,0.322600,0.248600,0.221300
1094,0.322800,0.248800,0.221400
1095,0.323000,0.248900,0.221600
1096,0.323200,0.249100,0.221700
1097,0.323400,0.249200,0.221800
1098,0.323600,0.249400,0.222000
1099,0.323800,0.249500,0.222100
1100,0.324000,0.249700,0.222300
1101,0.324200,0.249900,0.222400
1102,0.324400,0.250000,0.222500
1103,0.324600,0.250200,0.222700
1104,0.324800,0.250300,0.222800
1105,0.325000,0.250500,0.223000
1106,0.325200,0.250700,0.223100
1107,0.325400,0.250800,0.223300
1108,0.325600,0.251000,0.223400
1109,0.325800,0.251100,0.223500
1110,0.326000,0.251300,0.223700
1111,0.326200,0.251400,0.223800
1112,0.326400,0.251600,0.223900
1113,0.326500,0.251700,0.224000
1114,0.326700,0.251800,0.224200
1115,0.326900,0.252000,0.224300
1116,0.327100,0.252100,0.224400
1117,0.327300,0.252300,0.224600
1118,0.327500,0.252500,0.224700
1119,0.327800,0.252700,0.224900
1120,0.328000,0.252900,0.225100
1121,0.328300,0.253100,0.225300
1122,0.328600,0.253300,0.225500
1123,0.328900,0.253500,0.225700
1124,0.329200,0.253800,0.225900
1125,0.329500,0.254000,0.226100
1126,0.329800,0.254300,0.226400
1127,0.330100,0.254600,0.226600
1128,0.330400,0.254800,0.226800
1129,0.330700,0.255000,0.227000
1130,0.331000,0.255300,0.227200
1131,0.331300,0.255500,0.227400
1132,0.331500,0.255700,0.227500
1133,0.331800,0.255800,0.227700
1134,0.332000,0.256000,0.227800
1135,0.332200,0.256100,0.227900
1136,0.332400,0.256300,0.228000
1137,0.332600,0.256400,0.228100
1138,0.332700,0.256500,0.228100
1139,0.332900,0.256600,0.228200
1140,0.333000,0.256700,0.228200
1141,0.333100,0.256700,0.228300
1142,0.333200,0.256800,0.228300
1143,0.333300,0.256800,0.228300
1144,0.333400,0.256900,0.228300
1145,0.333500,0.256900,0.228300
1146,0.333600,0.257000,0.228300
1147,0.333700,0.257000,0.228200
1148,0.333800,0.257000,0.228200
1149,0.333900,0.257100,0.228200
1150,0.334000,0.257100,0.228300
1151,0.334100,0.257200,0.228300
1152,0.334200,0.257300,0.228300
1153,0.334400,0.257400,0.228400
1154,0.334500,0.257500,0.228400
1155,0.334700,0.257600,0.228500
1156,0.334900,0.257700,0.228700
1157,0.335100,0.257900,0.228800
1158,0.335400,0.258100,0.229000
1159,0.335700,0.258300,0.229100
1160,0.336000,0.258600,0.229400
1161,0.336400,0.258800,0.229600
1162,0.336800,0.259100,0.229900
1163,0.337200,0.259500,0.230200
1164,0.337600,0.259800,0.230500
1165,0.338000,0.260200,0.230800
1166,0.338500,0.260500,0.231100
1167,0.338900,0.260800,0.231400
1168,0.339300,0.261200,0.231700
1169,0.339700,0.261500,0.232000
1170,0.340000,0.261700,0.232200
1171,0.340300,0.262000,0.232400
1172,0.340600,0.262200,0.232600
1173,0.340800,0.262400,0.232800
1174,0.341000,0.262500,0.232900
1175,0.341200,0.262700,0.233100
1176,0.341300,0.262800,0.233200
1177,0.341500,0.263000,0.233300
1178,0.341700,0.263100,0.233400
1179,0.341800,0.263200,0.233600
1180,0.342000,0.263400,0.233700
1181,0.342200,0.263500,0.233800
1182,0.342400,0.263700,0.234000
1183,0.342600,0.263900,0.234100
1184,0.342800,0.264100,0.234300
1185,0.343000,0.264200,0.234500
1186,0.343200,0.264400,0.234600
1187,0.343500,0.264600,0.234800
1188,0.343600,0.264800,0.234900
1189,0.343800,0.264900,0.235100
1190,0.344000,0.265000,0.235200
1191,0.344100,0.265200,0.235300
1192,0.344300,0.265300,0.235400
1193,0.344400,0.265400,0.235500
1194,0.344500,0.265500,0.235600
1195,0.344600,0.265500,0.235700
1196,0.344700,0.265600,0.235700
1197,0.344700,0.265700,0.235800
1198,0.344800,0.265700,0.235900
1199,0.344900,0.265800,0.235900
1200,0.345000,0.265900,0.236000
1201,0.345100,0.266000,0.236000
1202,0.345200,0.266000,0.236100
1203,0.345300,0.266100,0.236200
1204,0.345400,0.266200,0.236300
1205,0.345500,0.266300,0.236400
1206,0.345600,0.266400,0.236400
1207,0.345700,0.266500,0.236500
1208,0.345800,0.266500,0.236600
1209,0.345900,0.266600,0.236700
1210,0.346000,0.266700,0.236700
1211,0.346100,0.266800,0.236800
1212,0.346100,0.266800,0.236800
1213,0.346200,0.266900,0.236900
1214,0.346300,0.266900,0.237000
1215,0.346400,0.267000,0.237000
1216,0.346400,0.267100,0.237100
1217,0.346600,0.267200,0.237200
1218,0.346700,0.267300,0.237300
1219,0.346800,0.267400,0.237400
1220,0.347000,0.267500,0.237600
1221,0.347200,0.267700,0.237700
1222,0.347400,0.267900,0.237900
1223,0.347700,0.268100,0.238100
1224,0.348000,0.268400,0.238300
1225,0.348300,0.268600,0.238500
1226,0.348600,0.268900,0.238800
1227,0.348900,0.269200,0.239000
1228,0.349300,0.269400,0.239300
1229,0.349600,0.269700,0.239600
1230,0.350000,0.270000,0.239800
1231,0.350400,0.270300,0.240100
1232,0.350700,0.270600,0.240400
1233,0.351100,0.270900,0.240600
1234,0.351400,0.271200,0.240900
1235,0.351700,0.271400,0.241100
1236,0.352000,0.271700,0.241400
1237,0.352300,0.271900,0.241600
1238,0.352600,0.272100,0.241800
1239,0.352800,0.272300,0.242000
1240,0.353000,0.272500,0.242100
1241,0.353200,0.272600,0.242200
1242,0.353300,0.272700,0.242400
1243,0.353400,0.272800,0.242400
1244,0.353500,0.272900,0.242500
1245,0.353600,0.273000,0.242600
1246,0.353600,0.273000,0.242700
1247,0.353700,0.273100,0.242700
1248,0.353800,0.273200,0.242800
1249,0.353900,0.273300,0.242900
1250,0.354000,0.273400,0.243000
1251,0.354100,0.273500,0.243100
1252,0.354300,0.273600,0.243200
1253,0.354500,0.273800,0.243400
1254,0.354700,0.273900,0.243500
1255,0.354900,0.274100,0.243700
1256,0.355100,0.274300,0.243900
1257,0.355300,0.274500,0.244000
1258,0.355500,0.274700,0.244200
1259,0.355800,0.274900,0.244400
1260,0.356000,0.275100,0.244600
1261,0.356200,0.275300,0.244800
1262,0.356500,0.275500,0.245000
1263,0.356700,0.275700,0.245200
1264,0.356900,0.275900,0.245300
1265,0.357100,0.276000,0.245500
1266,0.357300,0.276200,0.245700
1267,0.357500,0.276400,0.245800
1268,0.357700,0.276500,0.246000
1269,0.357800,0.276700,0.246100
1270,0.358000,0.276800,0.246200
1271,0.358100,0.276900,0.246300
1272,0.358300,0.277000,0.246400
1273,0.358400,0.277100,0.246500
1274,0.358500,0.277200,0.246600
1275,0.358600,0.277300,0.246600
1276,0.358700,0.277300,0.246700
1277,0.358700,0.277400,0.246700
1278,0.358800,0.277500,0.246800
1279,0.358900,0.277500,0.246800
1280,0.359000,0.277600,0.246900
1281,0.359100,0.277600,0.246900
1282,0.359200,0.277700,0.247000
1283,0.359300,0.277800,0.247100
1284,0.359400,0.277900,0.247100
1285,0.359500,0.277900,0.247200
1286,0.359600,0.278000,0.247200
1287,0.359700,0.278100,0.247300
1288,0.359800,0.278200,0.247400
1289,0.359900,0.278200,0.247400
1290,0.360000,0.278300,0.247500
1291,0.360100,0.278400,0.247500
1292,0.360200,0.278500,0.247600
1293,0.360300,0.278500,0.247600
1294,0.360400,0.278600,0.247700
1295,0.360500,0.278700,0.247800
1296,0.360600,0.278700,0.247800
1297,0.360700,0.278800,0.247800
1298,0.360800,0.278900,0.247900
1299,0.360900,0.278900,0.247900
1300,0.361000,0.279000,0.248000
1301,0.361100,0.279100,0.248000
1302,0.361200,0.279100,0.248000
1303,0.361300,0.279200,0.248100
1304,0.361400,0.279300,0.248100
1305,0.361500,0.279300,0.248100
1306,0.361600,0.279400,0.248200
1307,0.361700,0.279400,0.248200
1308,0.361800,0.279500,0.248200
1309,0.361900,0.279500,0.248200
1310,0.362000,0.279600,0.248300
1311,0.362100,0.279600,0.248300
1312,0.362200,0.279700,0.248300
1313,0.362300,0.279800,0.248300
1314,0.362400,0.279800,0.248400
1315,0.362500,0.279900,0.248400
1316,0.362600,0.279900,0.248400
1317,0.362700,0.280000,0.248400
1318,0.362800,0.280000,0.248400
1319,0.362900,0.280100,0.248400
1320,0.363000,0.280100,0.248400
1321,0.363100,0.280200,0.248500
1322,0.363200,0.280300,0.248500
1323,0.363300,0.280300,0.248500
1324,0.363400,0.280400,0.248500
1325,0.363500,0.280400,0.248500
1326,0.363600,0.280500,0.248500
1327,0.363700,0.280500,0.248500
1328,0.363800,0.280500,0.248500
1329,0.363900,0.280600,0.248500
1330,0.364000,0.280600,0.248500
1331,0.364100,0.280600,0.248400
1332,0.364200,0.280700,0.248400
1333,0.364200,0.280700,0.248400
1334,0.364300,0.280700,0.248400
1335,0.364400,0.280700,0.248300
1336,0.364500,0.280800,0.248300
1337,0.364600,0.280800,0.248300
1338,0.364700,0.280900,0.248300
1339,0.364800,0.280900,0.248300
1340,0.365000,0.281000,0.248300
1341,0.365200,0.281100,0.248300
1342,0.365400,0.281200,0.248400
1343,0.365600,0.281300,0.248400
1344,0.365800,0.281400,0.248400
1345,0.366000,0.281500,0.248500
1346,0.366200,0.281600,0.248500
1347,0.366400,0.281800,0.248600
1348,0.366600,0.281900,0.248600
1349,0.366800,0.282000,0.248700
1350,0.367000,0.282100,0.248700
1351,0.367200,0.282100,0.248700
1352,0.367300,0.282200,0.248700
1353,0.367400,0.282300,0.248700
1354,0.367500,0.282300,0.248700
1355,0.367600,0.282300,0.248700
1356,0.367700,0.282400,0.248600
1357,0.367800,0.282400,0.248600
1358,0.367900,0.282400,0.248500
1359,0.367900,0.282400,0.248500
1360,0.368000,0.282400,0.248400
1361,0.368100,0.282400,0.248400
1362,0.368100,0.282300,0.248300
1363,0.368100,0.282300,0.248200
1364,0.368200,0.282300,0.248100
1365,0.368200,0.282200,0.248000
1366,0.368200,0.282200,0.247900
1367,0.368200,0.282100,0.247700
1368,0.368100,0.282000,0.247500
1369,0.368100,0.281800,0.247300
1370,0.368000,0.281700,0.247000
1371,0.367900,0.281500,0.246700
1372,0.367800,0.281200,0.246400
1373,0.367600,0.281000,0.246000
1374,0.367400,0.280700,0.245600
1375,0.367200,0.280400,0.245100
1376,0.367000,0.280000,0.244600
1377,0.366800,0.279600,0.244000
1378,0.366600,0.279200,0.243400
1379,0.366300,0.278700,0.242700
1380,0.366000,0.278200,0.242000
1381,0.365700,0.277700,0.241100
1382,0.365400,0.277100,0.240300
1383,0.365100,0.276500,0.239300
1384,0.364800,0.275800,0.238300
1385,0.364400,0.275100,0.237300
1386,0.364100,0.274400,0.236200
1387,0.363800,0.273700,0.235100
1388,0.363500,0.273000,0.233900
1389,0.363300,0.272300,0.232700
1390,0.363000,0.271500,0.231500
1391,0.362800,0.270700,0.230300
1392,0.362500,0.270000,0.229000
1393,0.362300,0.269200,0.227800
1394,0.362100,0.268500,0.226500
1395,0.362000,0.267700,0.225200
1396,0.361800,0.266900,0.223900
1397,0.361600,0.266200,0.222600
1398,0.361400,0.265400,0.221300
1399,0.361200,0.264600,0.220100
1400,0.361000,0.263900,0.218800
1401,0.360800,0.263100,0.217500
1402,0.360500,0.262300,0.216300
1403,0.360300,0.261600,0.215100
1404,0.360100,0.260800,0.214000
1405,0.359800,0.260100,0.212800
1406,0.359600,0.259400,0.211800
1407,0.359400,0.258800,0.210700
1408,0.359200,0.258200,0.209800
1409,0.359100,0.257600,0.208900
1410,0.359000,0.257100,0.208000
1411,0.358900,0.256700,0.207200
1412,0.358900,0.256300,0.206500
1413,0.358900,0.255900,0.205900
1414,0.359000,0.255600,0.205300
1415,0.359100,0.255400,0.204800
1416,0.359200,0.255100,0.204300
1417,0.359400,0.255000,0.203900
1418,0.359600,0.254800,0.203600
1419,0.359800,0.254700,0.203200
1420,0.360000,0.254700,0.202900
1421,0.360200,0.254600,0.202700
1422,0.360500,0.254600,0.202400
1423,0.360800,0.254600,0.202200
1424,0.361100,0.254600,0.202100
1425,0.361400,0.254700,0.201900
1426,0.361700,0.254700,0.201800
1427,0.362000,0.254800,0.201700
1428,0.362300,0.254900,0.201600
1429,0.362700,0.255000,0.201600
1430,0.363000,0.255100,0.201500
1431,0.363300,0.255200,0.201500
1432,0.363700,0.255300,0.201500
1433,0.364000,0.255500,0.201500
1434,0.364300,0.255600,0.201500
1435,0.364600,0.255700,0.201500
1436,0.364900,0.255900,0.201600
1437,0.365200,0.256000,0.201600
1438,0.365500,0.256100,0.201700
1439,0.365800,0.256300,0.201700
1440,0.366000,0.256400,0.201800
1441,0.366200,0.256500,0.201800
1442,0.366400,0.256600,0.201900
1443,0.366600,0.256700,0.201900
1444,0.366800,0.256900,0.202000
1445,0.367000,0.257000,0.202100
1446,0.367200,0.257100,0.202200
1447,0.367400,0.257200,0.202300
1448,0.367600,0.257400,0.202400
1449,0.367800,0.257500,0.202500
1450,0.368000,0.257700,0.202700
1451,0.368200,0.257900,0.202800
1452,0.368500,0.258100,0.203000
1453,0.368800,0.258300,0.203200
1454,0.369100,0.258600,0.203400
1455,0.369400,0.258800,0.203700
1456,0.369700,0.259100,0.203900
1457,0.370000,0.259400,0.204200
1458,0.370300,0.259700,0.204500
1459,0.370700,0.260000,0.204900
1460,0.371000,0.260400,0.205200
1461,0.371300,0.260700,0.205600
1462,0.371700,0.261100,0.206000
1463,0.372000,0.261500,0.206500
1464,0.372300,0.261800,0.206900
1465,0.372600,0.262200,0.207400
1466,0.372900,0.262600,0.207900
1467,0.373200,0.263000,0.208400
1468,0.373500,0.263500,0.208900
1469,0.373700,0.263900,0.209400
1470,0.374000,0.264300,0.210000
1471,0.374200,0.264700,0.210500
1472,0.374500,0.265100,0.211000
1473,0.374700,0.265500,0.211600
1474,0.374900,0.265900,0.212100
1475,0.375100,0.266300,0.212700
1476,0.375300,0.266700,0.213300
1477,0.375500,0.267100,0.213800
1478,0.375600,0.267400,0.214400
1479,0.375800,0.267800,0.214900
1480,0.376000,0.268200,0.215500
1481,0.376200,0.268600,0.216000
1482,0.376400,0.269000,0.216600
1483,0.376600,0.269400,0.217200
1484,0.376800,0.269800,0.217700
1485,0.377000,0.270200,0.218300
1486,0.377200,0.270600,0.218800
1487,0.377400,0.271000,0.219400
1488,0.377600,0.271400,0.220000
1489,0.377800,0.271800,0.220600
1490,0.378000,0.272200,0.221200
1491,0.378200,0.272700,0.221800
1492,0.378400,0.273100,0.222400
1493,0.378700,0.273500,0.223000
1494,0.378900,0.274000,0.223600
1495,0.379100,0.274400,0.224200
1496,0.379300,0.274800,0.224800
1497,0.379500,0.275200,0.225400
1498,0.379700,0.275600,0.226000
1499,0.379800,0.276000,0.226600
1500,0.380000,0.276400,0.227100
1501,0.380100,0.276700,0.227700
1502,0.380300,0.277000,0.228200
1503,0.380400,0.277400,0.228700
1504,0.380500,0.277700,0.229200
1505,0.380600,0.278000,0.229600
1506,0.380700,0.278300,0.230100
1507,0.380700,0.278500,0.230600
1508,0.380800,0.278800,0.231000
1509,0.380900,0.279100,0.231500
1510,0.381000,0.279400,0.231900
1511,0.381100,0.279700,0.232400
1512,0.381200,0.280000,0.232900
1513,0.381300,0.280300,0.233300
1514,0.381400,0.280600,0.233800
1515,0.381500,0.280900,0.234300
1516,0.381600,0.281200,0.234700
1517,0.381700,0.281500,0.235200
1518,0.381800,0.281700,0.235600
1519,0.381900,0.282000,0.236000
1520,0.382000,0.282300,0.236400
1521,0.382100,0.282500,0.236800
1522,0.382100,0.282700,0.237200
1523,0.382200,0.283000,0.237600
1524,0.382200,0.283200,0.238000
1525,0.382300,0.283400,0.238400
1526,0.382400,0.283700,0.238800
1527,0.382500,0.284000,0.239200
1528,0.382600,0.284200,0.239600
1529,0.382800,0.284600,0.240000
1530,0.383000,0.284900,0.240500
1531,0.383200,0.285300,0.241000
1532,0.383500,0.285600,0.241500
1533,0.383800,0.286100,0.242000
1534,0.384100,0.286500,0.242600
1535,0.384500,0.286900,0.243100
1536,0.384800,0.287300,0.243600
1537,0.385100,0.287800,0.244200
1538,0.385400,0.288200,0.244700
1539,0.385700,0.288500,0.245200
1540,0.386000,0.288900,0.245600
1541,0.386200,0.289200,0.246100
1542,0.386400,0.289500,0.246500
1543,0.386600,0.289800,0.246900
1544,0.386700,0.290000,0.247200
1545,0.386800,0.290300,0.247500
1546,0.386900,0.290500,0.247800
1547,0.386900,0.290600,0.248100
1548,0.387000,0.290800,0.248400
1549,0.387000,0.290900,0.248700
1550,0.387000,0.291100,0.248900
1551,0.387000,0.291200,0.249100
1552,0.387000,0.291300,0.249300
1553,0.387000,0.291400,0.249500
1554,0.387000,0.291500,0.249700
1555,0.387000,0.291600,0.249900
1556,0.387000,0.291700,0.250100
1557,0.387000,0.291800,0.250300
1558,0.387000,0.291900,0.250500
1559,0.387000,0.292000,0.250700
1560,0.387000,0.292100,0.250900
1561,0.387000,0.292200,0.251100
1562,0.387100,0.292300,0.251300
1563,0.387100,0.292500,0.251500
1564,0.387200,0.292600,0.251700
1565,0.387300,0.292800,0.252000
1566,0.387400,0.293000,0.252200
1567,0.387500,0.293200,0.252500
1568,0.387700,0.293400,0.252800
1569,0.387800,0.293600,0.253100
1570,0.388000,0.293800,0.253400
1571,0.388200,0.294100,0.253700
1572,0.388400,0.294400,0.254000
1573,0.388600,0.294600,0.254300
1574,0.388900,0.294900,0.254600
1575,0.389100,0.295200,0.255000
1576,0.389300,0.295400,0.255300
1577,0.389500,0.295700,0.255600
1578,0.389700,0.295900,0.255900
1579,0.389900,0.296100,0.256100
1580,0.390000,0.296300,0.256400
1581,0.390100,0.296500,0.256600
1582,0.390200,0.296600,0.256800
1583,0.390200,0.296700,0.256900
1584,0.390200,0.296800,0.257100
1585,0.390200,0.296800,0.257200
1586,0.390200,0.296900,0.257300
1587,0.390100,0.296900,0.257400
1588,0.390100,0.297000,0.257500
1589,0.390000,0.297000,0.257600
1590,0.390000,0.297000,0.257700
1591,0.390000,0.297000,0.257800
1592,0.389900,0.297100,0.257900
1593,0.389900,0.297100,0.258000
1594,0.389900,0.297200,0.258100
1595,0.389900,0.297200,0.258200
1596,0.389900,0.297300,0.258300
1597,0.389900,0.297300,0.258400
1598,0.389900,0.297400,0.258500
1599,0.389900,0.297500,0.258700
1600,0.390000,0.297600,0.258800
1601,0.390100,0.297700,0.258900
1602,0.390100,0.297800,0.259100
1603,0.390200,0.297900,0.259200
1604,0.390300,0.298000,0.259400
1605,0.390400,0.298100,0.259500
1606,0.390500,0.298300,0.259700
1607,0.390700,0.298400,0.259800
1608,0.390800,0.298500,0.260000
1609,0.390900,0.298700,0.260200
1610,0.391000,0.298800,0.260300
1611,0.391100,0.298900,0.260500
1612,0.391200,0.299000,0.260600
1613,0.391300,0.299200,0.260700
1614,0.391400,0.299300,0.260900
1615,0.391500,0.299400,0.261000
1616,0.391600,0.299500,0.261200
1617,0.391700,0.299600,0.261300
1618,0.391800,0.299700,0.261400
1619,0.391900,0.299900,0.261600
1620,0.392000,0.300000,0.261700
1621,0.392100,0.300100,0.261800
1622,0.392200,0.300200,0.262000
1623,0.392300,0.300300,0.262100
1624,0.392400,0.300400,0.262300
1625,0.392500,0.300500,0.262400
1626,0.392600,0.300700,0.262500
1627,0.392700,0.300800,0.262700
1628,0.392800,0.300900,0.262800
1629,0.392900,0.301000,0.263000
1630,0.393000,0.301200,0.263100
1631,0.393100,0.301300,0.263300
1632,0.393200,0.301400,0.263400
1633,0.393400,0.301500,0.263500
1634,0.393500,0.301700,0.263700
1635,0.393600,0.301800,0.263800
1636,0.393700,0.301900,0.263900
1637,0.393800,0.302000,0.264000
1638,0.393900,0.302100,0.264100
1639,0.394000,0.302200,0.264200
1640,0.394000,0.302200,0.264300
1641,0.394000,0.302300,0.264400
1642,0.394000,0.302300,0.264400
1643,0.394000,0.302300,0.264500
1644,0.394000,0.302400,0.264500
1645,0.394000,0.302400,0.264600
1646,0.394000,0.302400,0.264600
1647,0.394000,0.302400,0.264700
1648,0.394000,0.302400,0.264700
1649,0.394000,0.302500,0.264800
1650,0.394000,0.302500,0.264800
1651,0.394100,0.302600,0.264900
1652,0.394100,0.302700,0.265000
1653,0.394200,0.302800,0.265100
1654,0.394300,0.302900,0.265200
1655,0.394400,0.303000,0.265300
1656,0.394500,0.303100,0.265400
1657,0.394700,0.303200,0.265600
1658,0.394800,0.303300,0.265700
1659,0.394900,0.303400,0.265800
1660,0.395000,0.303500,0.265900
1661,0.395100,0.303600,0.266000
1662,0.395200,0.303700,0.266100
1663,0.395300,0.303800,0.266100
1664,0.395300,0.303900,0.266200
1665,0.395400,0.303900,0.266300
1666,0.395500,0.304000,0.266400
1667,0.395600,0.304100,0.266500
1668,0.395700,0.304200,0.266600
1669,0.395900,0.304300,0.266700
1670,0.396000,0.304500,0.266900
1671,0.396200,0.304600,0.267000
1672,0.396300,0.304800,0.267100
1673,0.396500,0.305000,0.267300
1674,0.396800,0.305100,0.267500
1675,0.397000,0.305300,0.267700
1676,0.397200,0.305500,0.267800
1677,0.397400,0.305700,0.268000
1678,0.397600,0.305900,0.268200
1679,0.397800,0.306000,0.268300
1680,0.398000,0.306200,0.268500
1681,0.398200,0.306400,0.268600
1682,0.398300,0.306500,0.268700
1683,0.398500,0.306600,0.268900
1684,0.398600,0.306700,0.269000
1685,0.398700,0.306800,0.269000
1686,0.398800,0.306900,0.269100
1687,0.398900,0.307000,0.269200
1688,0.398900,0.307000,0.269200
1689,0.399000,0.307100,0.269300
1690,0.399000,0.307100,0.269300
1691,0.399000,0.307100,0.269400
1692,0.399000,0.307100,0.269400
1693,0.399000,0.307200,0.269400
1694,0.399000,0.307200,0.269400
1695,0.399000,0.307200,0.269400
1696,0.399000,0.307200,0.269400
1697,0.399000,0.307100,0.269300
1698,0.399000,0.307100,0.269300
1699,0.399000,0.307100,0.269300
1700,0.399000,0.307100,0.269300
1701,0.399000,0.307100,0.269300
1702,0.399000,0.307100,0.269300
1703,0.399000,0.307100,0.269200
1704,0.399000,0.307100,0.269200
1705,0.399000,0.307100,0.269200
1706,0.399000,0.307100,0.269200
1707,0.399000,0.307000,0.269100
1708,0.399000,0.307000,0.269100
1709,0.399000,0.307000,0.269100
1710,0.399000,0.307000,0.269000
1711,0.399000,0.307000,0.269000
1712,0.399000,0.306900,0.268900
1713,0.398900,0.306900,0.268900
1714,0.398900,0.306800,0.268800
1715,0.398900,0.306800,0.268800
1716,0.398900,0.306800,0.268700
1717,0.398900,0.306800,0.268700
1718,0.398900,0.306800,0.268700
1719,0.398900,0.306800,0.268600
1720,0.399000,0.306800,0.268600
1721,0.399100,0.306800,0.268600
1722,0.399200,0.306900,0.268700
1723,0.399300,0.307000,0.268700
1724,0.399400,0.307000,0.268700
1725,0.399500,0.307100,0.268800
1726,0.399600,0.307200,0.268800
1727,0.399800,0.307200,0.268800
1728,0.399900,0.307300,0.268800
1729,0.399900,0.307300,0.268800
1730,0.400000,0.307300,0.268800
1731,0.400000,0.307300,0.268800
1732,0.400000,0.307300,0.268700
1733,0.400000,0.307300,0.268600
1734,0.400000,0.307200,0.268500
1735,0.400000,0.307100,0.268400
1736,0.400000,0.307100,0.268300
1737,0.400000,0.307000,0.268200
1738,0.400000,0.307000,0.268100
1739,0.400000,0.306900,0.268000
1740,0.400000,0.306900,0.268000
1741,0.400100,0.306900,0.267900
1742,0.400100,0.306900,0.267900
1743,0.400200,0.307000,0.267900
1744,0.400300,0.307000,0.267800
1745,0.400500,0.307000,0.267800
1746,0.400600,0.307100,0.267800
1747,0.400700,0.307100,0.267800
1748,0.400800,0.307200,0.267800
1749,0.400900,0.307200,0.267700
1750,0.401000,0.307200,0.267700
1751,0.401100,0.307200,0.267600
1752,0.401100,0.307100,0.267500
1753,0.401100,0.307100,0.267400
1754,0.401100,0.307000,0.267200
1755,0.401100,0.306900,0.267100
1756,0.401100,0.306900,0.266900
1757,0.401100,0.306800,0.266800
1758,0.401100,0.306700,0.266600
1759,0.401000,0.306600,0.266500
1760,0.401000,0.306500,0.266300
1761,0.401000,0.306400,0.266100
1762,0.400900,0.306300,0.266000
1763,0.400900,0.306200,0.265900
1764,0.400900,0.306100,0.265700
1765,0.400900,0.306100,0.265600
1766,0.400900,0.306000,0.265500
1767,0.400900,0.306000,0.265400
1768,0.400900,0.305900,0.265300
1769,0.401000,0.305900,0.265200
1770,0.401000,0.305900,0.265200
1771,0.401100,0.305900,0.265100
1772,0.401100,0.306000,0.265100
1773,0.401200,0.306000,0.265100
1774,0.401300,0.306000,0.265100
1775,0.401400,0.306100,0.265100
1776,0.401500,0.306200,0.265200
1777,0.401700,0.306200,0.265200
1778,0.401800,0.306300,0.265200
1779,0.401900,0.306400,0.265300
1780,0.402000,0.306400,0.265300
1781,0.402100,0.306500,0.265300
1782,0.402200,0.306600,0.265300
1783,0.402300,0.306600,0.265400
1784,0.402400,0.306700,0.265400
1785,0.402500,0.306700,0.265400
1786,0.402600,0.306800,0.265400
1787,0.402700,0.306900,0.265500
1788,0.402800,0.306900,0.265500
1789,0.402900,0.307000,0.265600
1790,0.403000,0.307100,0.265600
1791,0.403100,0.307200,0.265700
1792,0.403200,0.307300,0.265800
1793,0.403300,0.307300,0.265900
1794,0.403400,0.307400,0.265900
1795,0.403600,0.307500,0.266000
1796,0.403700,0.307600,0.266100
1797,0.403800,0.307700,0.266200
1798,0.403800,0.307800,0.266300
1799,0.403900,0.307900,0.266400
1800,0.404000,0.308000,0.266500
1801,0.404100,0.308000,0.266500
1802,0.404100,0.308100,0.266600
1803,0.404100,0.308100,0.266600
1804,0.404200,0.308200,0.266700
1805,0.404200,0.308200,0.266700
1806,0.404200,0.308200,0.266700
1807,0.404100,0.308200,0.266700
1808,0.404100,0.308100,0.266700
1809,0.404100,0.308100,0.266600
1810,0.404000,0.308000,0.266600
1811,0.403900,0.308000,0.266500
1812,0.403800,0.307900,0.266400
1813,0.403700,0.307800,0.266300
1814,0.403600,0.307700,0.266200
1815,0.403500,0.307600,0.266100
1816,0.403400,0.307500,0.266000
1817,0.403300,0.307400,0.265900
1818,0.403200,0.307300,0.265800
1819,0.403100,0.307200,0.265700
1820,0.403000,0.307100,0.265600
1821,0.402900,0.307000,0.265500
1822,0.402800,0.307000,0.265400
1823,0.402800,0.306900,0.265400
1824,0.402800,0.306900,0.265300
1825,0.402700,0.306800,0.265300
1826,0.402700,0.306800,0.265300
1827,0.402800,0.306800,0.265300
1828,0.402800,0.306900,0.265300
1829,0.402900,0.306900,0.265300
1830,0.403000,0.306900,0.265300
1831,0.403100,0.307000,0.265300
1832,0.403300,0.307100,0.265400
1833,0.403500,0.307200,0.265400
1834,0.403700,0.307300,0.265400
1835,0.403900,0.307400,0.265500
1836,0.404100,0.307500,0.265500
1837,0.404300,0.307700,0.265500
1838,0.404600,0.307800,0.265500
1839,0.404800,0.307900,0.265500
1840,0.405000,0.307900,0.265500
1841,0.405200,0.308000,0.265400
1842,0.405400,0.308000,0.265300
1843,0.405500,0.308100,0.265200
1844,0.405700,0.308000,0.265100
1845,0.405800,0.308000,0.264900
1846,0.405900,0.307900,0.264700
1847,0.406000,0.307800,0.264500
1848,0.406000,0.307700,0.264200
1849,0.406000,0.307500,0.263900
1850,0.406000,0.307300,0.263500
1851,0.405900,0.307100,0.263000
1852,0.405800,0.306800,0.262600
1853,0.405700,0.306400,0.262000
1854,0.405500,0.306100,0.261400
1855,0.405300,0.305600,0.260700
1856,0.405100,0.305100,0.260000
1857,0.404900,0.304600,0.259200
1858,0.404600,0.304000,0.258300
1859,0.404300,0.303400,0.257300
1860,0.404000,0.302700,0.256200
1861,0.403700,0.301900,0.255100
1862,0.403300,0.301100,0.253800
1863,0.402900,0.300200,0.252500
1864,0.402600,0.299300,0.251100
1865,0.402200,0.298300,0.249600
1866,0.401800,0.297200,0.247900
1867,0.401300,0.296100,0.246200
1868,0.400900,0.294900,0.244400
1869,0.400500,0.293700,0.242500
1870,0.400000,0.292400,0.240500
1871,0.399500,0.291000,0.238300
1872,0.399100,0.289600,0.236100
1873,0.398600,0.288100,0.233700
1874,0.398000,0.286500,0.231200
1875,0.397500,0.284800,0.228600
1876,0.396900,0.282900,0.225800
1877,0.396200,0.281000,0.222800
1878,0.395600,0.278900,0.219700
1879,0.394800,0.276700,0.216300
1880,0.394000,0.274300,0.212800
1881,0.393100,0.271700,0.209100
1882,0.392200,0.269000,0.205200
1883,0.391200,0.266200,0.201200
1884,0.390200,0.263300,0.197100
1885,0.389200,0.260400,0.192900
1886,0.388100,0.257400,0.188700
1887,0.387100,0.254400,0.184600
1888,0.386000,0.251400,0.180400
1889,0.385000,0.248400,0.176400
1890,0.384000,0.245500,0.172500
1891,0.383000,0.242700,0.168700
1892,0.382100,0.240000,0.165100
1893,0.381300,0.237400,0.161700
1894,0.380400,0.234800,0.158400
1895,0.379600,0.232400,0.155300
1896,0.378900,0.230100,0.152400
1897,0.378100,0.227900,0.149600
1898,0.377400,0.225800,0.147000
1899,0.376700,0.223800,0.144600
1900,0.376000,0.221900,0.142400
1901,0.375300,0.220200,0.140300
1902,0.374700,0.218500,0.138400
1903,0.374100,0.217000,0.136600
1904,0.373500,0.215600,0.135000
1905,0.373000,0.214400,0.133500
1906,0.372500,0.213200,0.132200
1907,0.372000,0.212100,0.131000
1908,0.371600,0.211100,0.129900
1909,0.371300,0.210300,0.128900
1910,0.371000,0.209500,0.128000
1911,0.370800,0.208800,0.127300
1912,0.370600,0.208200,0.126600
1913,0.370600,0.207700,0.125900
1914,0.370500,0.207300,0.125400
1915,0.370500,0.206900,0.124900
1916,0.370600,0.206600,0.124500
1917,0.370700,0.206300,0.124200
1918,0.370800,0.206100,0.123900
1919,0.370900,0.206000,0.123600
1920,0.371000,0.205800,0.123400
1921,0.371100,0.205700,0.123200
1922,0.371300,0.205600,0.123100
1923,0.371400,0.205600,0.123000
1924,0.371500,0.205600,0.122900
1925,0.371700,0.205600,0.122800
1926,0.371800,0.205600,0.122800
1927,0.371900,0.205600,0.122800
1928,0.371900,0.205600,0.122800
1929,0.372000,0.205700,0.122800
1930,0.372000,0.205700,0.122900
1931,0.372000,0.205800,0.123000
1932,0.372000,0.205900,0.123100
1933,0.371900,0.206000,0.123300
1934,0.371900,0.206100,0.123400
1935,0.371800,0.206300,0.123600
1936,0.371800,0.206500,0.123900
1937,0.371800,0.206700,0.124100
1938,0.371800,0.206900,0.124400
1939,0.371900,0.207200,0.124800
1940,0.372000,0.207500,0.125100
1941,0.372200,0.207900,0.125500
1942,0.372400,0.208300,0.126000
1943,0.372600,0.208800,0.126400
1944,0.372900,0.209300,0.127000
1945,0.373200,0.209800,0.127500
1946,0.373600,0.210300,0.128000
1947,0.373900,0.210900,0.128600
1948,0.374300,0.211500,0.129200
1949,0.374600,0.212100,0.129800
1950,0.375000,0.212700,0.130500
1951,0.375300,0.213300,0.131100
1952,0.375700,0.213900,0.131700
1953,0.376000,0.214500,0.132400
1954,0.376300,0.215100,0.133100
1955,0.376600,0.215700,0.133800
1956,0.376900,0.216300,0.134500
1957,0.377100,0.217000,0.135200
1958,0.377400,0.217600,0.135900
1959,0.377700,0.218200,0.136600
1960,0.378000,0.218900,0.137300
1961,0.378300,0.219500,0.138100
1962,0.378600,0.220200,0.138800
1963,0.378900,0.220800,0.139500
1964,0.379200,0.221500,0.140300
1965,0.379500,0.222100,0.141000
1966,0.379800,0.222800,0.141800
1967,0.380100,0.223500,0.142600
1968,0.380400,0.224100,0.143400
1969,0.380700,0.224800,0.144200
1970,0.381000,0.225500,0.145000
1971,0.381300,0.226200,0.145800
1972,0.381600,0.227000,0.146600
1973,0.381900,0.227700,0.147500
1974,0.382200,0.228400,0.148300
1975,0.382600,0.229100,0.149200
1976,0.382900,0.229800,0.150100
1977,0.383200,0.230600,0.150900
1978,0.383400,0.231300,0.151800
1979,0.383700,0.232000,0.152600
1980,0.384000,0.232700,0.153500
1981,0.384300,0.233300,0.154300
1982,0.384500,0.234000,0.155200
1983,0.384700,0.234700,0.156000
1984,0.385000,0.235300,0.156800
1985,0.385200,0.235900,0.157600
1986,0.385400,0.236600,0.158400
1987,0.385600,0.237200,0.159200
1988,0.385700,0.237800,0.160000
1989,0.385900,0.238400,0.160700
1990,0.386000,0.238900,0.161500
1991,0.386100,0.239500,0.162300
1992,0.386200,0.240100,0.163000
1993,0.386300,0.240600,0.163800
1994,0.386400,0.241200,0.164500
1995,0.386500,0.241700,0.165300
1996,0.386500,0.242200,0.166100
1997,0.386600,0.242800,0.166800
1998,0.386700,0.243300,0.167600
1999,0.386900,0.243900,0.168300
2000,0.387000,0.244500,0.169100
2001,0.387200,0.245000,0.169900
2002,0.387400,0.245600,0.170700
2003,0.387600,0.246200,0.171500
2004,0.387800,0.246800,0.172300
2005,0.388000,0.247400,0.173000
2006,0.388200,0.248000,0.173800
2007,0.388400,0.248600,0.174600
2008,0.388600,0.249200,0.175400
2009,0.388800,0.249800,0.176100
2010,0.389000,0.250300,0.176900
2011,0.389200,0.250800,0.177600
2012,0.389300,0.251400,0.178300
2013,0.389400,0.251900,0.179000
2014,0.389500,0.252400,0.179700
2015,0.389600,0.252800,0.180400
2016,0.389700,0.253300,0.181100
2017,0.389800,0.253800,0.181800
2018,0.389800,0.254200,0.182500
2019,0.389900,0.254700,0.183100
2020,0.390000,0.255200,0.183800
2021,0.390100,0.255600,0.184500
2022,0.390200,0.256100,0.185200
2023,0.390300,0.256500,0.185800
2024,0.390400,0.257000,0.186500
2025,0.390500,0.257500,0.187200
2026,0.390600,0.257900,0.187800
2027,0.390700,0.258400,0.188500
2028,0.390800,0.258900,0.189200
2029,0.390900,0.259300,0.189800
2030,0.391000,0.259800,0.190500
2031,0.391100,0.260200,0.191200
2032,0.391200,0.260700,0.191800
2033,0.391300,0.261100,0.192400
2034,0.391400,0.261600,0.193100
2035,0.391500,0.262000,0.193700
2036,0.391600,0.262400,0.194300
2037,0.391700,0.262800,0.195000
2038,0.391800,0.263200,0.195600
2039,0.391900,0.263700,0.196200
2040,0.392000,0.264100,0.196800
2041,0.392100,0.264500,0.197400
2042,0.392100,0.264800,0.198000
2043,0.392200,0.265200,0.198500
2044,0.392300,0.265600,0.199100
2045,0.392400,0.266000,0.199700
2046,0.392500,0.266400,0.200300
2047,0.392600,0.266800,0.200900
2048,0.392700,0.267200,0.201500
2049,0.392800,0.267600,0.202100
2050,0.393000,0.268100,0.202700
2051,0.393200,0.268500,0.203300
2052,0.393400,0.269000,0.204000
2053,0.393700,0.269500,0.204600
2054,0.393900,0.270000,0.205300
2055,0.394100,0.270400,0.205900
2056,0.394400,0.270900,0.206500
2057,0.394600,0.271400,0.207100
2058,0.394700,0.271800,0.207700
2059,0.394900,0.272200,0.208300
2060,0.395000,0.272600,0.208900
2061,0.395100,0.272900,0.209400
2062,0.395100,0.273200,0.209900
2063,0.395100,0.273500,0.210400
2064,0.395000,0.273800,0.210900
2065,0.395000,0.274100,0.211400
2066,0.395000,0.274300,0.211800
2067,0.394900,0.274600,0.212300
2068,0.394900,0.274900,0.212800
2069,0.394900,0.275200,0.213300
2070,0.395000,0.275500,0.213800
2071,0.395100,0.275800,0.214300
2072,0.395300,0.276200,0.214900
2073,0.395400,0.276600,0.215400
2074,0.395700,0.277000,0.216000
2075,0.395900,0.277500,0.216600
2076,0.396100,0.277900,0.217100
2077,0.396400,0.278300,0.217700
2078,0.396600,0.278800,0.218300
2079,0.396800,0.279200,0.218800
2080,0.397000,0.279600,0.219400
2081,0.397200,0.279900,0.219900
2082,0.397300,0.280300,0.220400
2083,0.397400,0.280600,0.220900
2084,0.397500,0.280900,0.221400
2085,0.397600,0.281200,0.221800
2086,0.397700,0.281500,0.222300
2087,0.397800,0.281800,0.222700
2088,0.397800,0.282100,0.223200
2089,0.397900,0.282400,0.223600
2090,0.398000,0.282700,0.224100
2091,0.398100,0.283000,0.224500
2092,0.398200,0.283300,0.225000
2093,0.398300,0.283600,0.225400
2094,0.398400,0.283900,0.225900
2095,0.398500,0.284200,0.226300
2096,0.398700,0.284500,0.226800
2097,0.398800,0.284800,0.227200
2098,0.398900,0.285100,0.227600
2099,0.398900,0.285300,0.228000
2100,0.399000,0.285600,0.228400
2101,0.399000,0.285800,0.228800
2102,0.399100,0.286100,0.229200
2103,0.399100,0.286300,0.229500
2104,0.399100,0.286500,0.229900
2105,0.399100,0.286700,0.230200
2106,0.399100,0.286800,0.230500
2107,0.399100,0.287000,0.230800
2108,0.399000,0.287200,0.231100
2109,0.399000,0.287300,0.231400
2110,0.399000,0.287500,0.231700
2111,0.399000,0.287700,0.232000
2112,0.399000,0.287800,0.232300
2113,0.399000,0.288000,0.232600
2114,0.399000,0.288200,0.232900
2115,0.399000,0.288300,0.233200
2116,0.399000,0.288500,0.233500
2117,0.399000,0.288700,0.233800
2118,0.399000,0.288800,0.234100
2119,0.399000,0.289000,0.234400
2120,0.399000,0.289200,0.234700
2121,0.399000,0.289300,0.235000
2122,0.399000,0.289500,0.235300
2123,0.399000,0.289700,0.235500
2124,0.399100,0.289800,0.235800
2125,0.399100,0.290000,0.236100
2126,0.399100,0.290200,0.236400
2127,0.399100,0.290300,0.236600
2128,0.399100,0.290400,0.236900
2129,0.399000,0.290600,0.237100
2130,0.399000,0.290700,0.237300
2131,0.399000,0.290800,0.237500
2132,0.398900,0.290900,0.237700
2133,0.398800,0.290900,0.237900
2134,0.398700,0.291000,0.238100
2135,0.398700,0.291100,0.238200
2136,0.398500,0.291100,0.238400
2137,0.398400,0.291100,0.238500
2138,0.398300,0.291100,0.238600
2139,0.398200,0.291100,0.238700
2140,0.398000,0.291100,0.238800
2141,0.397800,0.291100,0.238900
2142,0.397700,0.291100,0.239000
2143,0.397500,0.291000,0.239000
2144,0.397300,0.291000,0.239100
2145,0.397100,0.290900,0.239200
2146,0.396900,0.290900,0.239200
2147,0.396700,0.290800,0.239200
2148,0.396400,0.290700,0.239300
2149,0.396200,0.290700,0.239300
2150,0.396000,0.290600,0.239300
2151,0.395800,0.290500,0.239400
2152,0.395600,0.290500,0.239400
2153,0.395300,0.290400,0.239400
2154,0.395100,0.290300,0.239400
2155,0.394800,0.290200,0.239400
2156,0.394500,0.290000,0.239400
2157,0.394200,0.289900,0.239300
2158,0.393800,0.289700,0.239200
2159,0.393400,0.289400,0.239100
2160,0.393000,0.289200,0.239000
2161,0.392500,0.288900,0.238800
2162,0.392000,0.288500,0.238500
2163,0.391400,0.288100,0.238300
2164,0.390800,0.287700,0.238000
2165,0.390200,0.287300,0.237700
2166,0.389600,0.286900,0.237400
2167,0.388900,0.286400,0.237000
2168,0.388300,0.286000,0.236700
2169,0.387600,0.285500,0.236400
2170,0.387000,0.285100,0.236100
2171,0.386400,0.284700,0.235700
2172,0.385800,0.284300,0.235500
2173,0.385200,0.283900,0.235200
2174,0.384600,0.283500,0.234900
2175,0.384100,0.283100,0.234600
2176,0.383500,0.282700,0.234300
2177,0.382900,0.282300,0.234000
2178,0.382300,0.281900,0.233700
2179,0.381700,0.281400,0.233400
2180,0.381000,0.281000,0.233000
2181,0.380300,0.280500,0.232700
2182,0.379600,0.280000,0.232300
2183,0.378900,0.279500,0.231900
2184,0.378200,0.279000,0.231500
2185,0.377400,0.278500,0.231100
2186,0.376700,0.277900,0.230700
2187,0.376000,0.277400,0.230300
2188,0.375300,0.276900,0.230000
2189,0.374600,0.276400,0.229600
2190,0.374000,0.276000,0.229200
2191,0.373400,0.275600,0.228900
2192,0.372900,0.275100,0.228500
2193,0.372300,0.274800,0.228200
2194,0.371900,0.274400,0.228000
2195,0.371500,0.274100,0.227700
2196,0.371100,0.273800,0.227500
2197,0.370700,0.273600,0.227300
2198,0.370500,0.273400,0.227100
2199,0.370200,0.273200,0.226900
2200,0.370000,0.273000,0.226800
2201,0.369800,0.272900,0.226700
2202,0.369700,0.272800,0.226700
2203,0.369600,0.272800,0.226600
2204,0.369600,0.272800,0.226600
2205,0.369600,0.272800,0.226600
2206,0.369600,0.272800,0.226700
2207,0.369700,0.272900,0.226700
2208,0.369800,0.273000,0.226800
2209,0.369900,0.273100,0.226900
2210,0.370000,0.273200,0.227000
2211,0.370100,0.273300,0.227100
2212,0.370300,0.273400,0.227200
2213,0.370500,0.273600,0.227400
2214,0.370700,0.273700,0.227500
2215,0.370900,0.273900,0.227600
2216,0.371100,0.274100,0.227700
2217,0.371300,0.274200,0.227900
2218,0.371500,0.274400,0.228000
2219,0.371800,0.274600,0.228200
2220,0.372000,0.274700,0.228300
2221,0.372200,0.274900,0.228400
2222,0.372400,0.275100,0.228600
2223,0.372700,0.275200,0.228700
2224,0.372900,0.275400,0.228800
2225,0.373100,0.275500,0.228900
2226,0.373300,0.275700,0.229000
2227,0.373500,0.275800,0.229100
2228,0.373700,0.276000,0.229200
2229,0.373800,0.276100,0.229300
2230,0.374000,0.276200,0.229400
2231,0.374200,0.276300,0.229500
2232,0.374300,0.276400,0.229500
2233,0.374400,0.276500,0.229600
2234,0.374600,0.276600,0.229600
2235,0.374700,0.276600,0.229700
2236,0.374800,0.276700,0.229700
2237,0.374900,0.276700,0.229700
2238,0.374900,0.276800,0.229700
2239,0.375000,0.276800,0.229600
2240,0.375000,0.276800,0.229600
2241,0.375000,0.276700,0.229500
2242,0.375000,0.276700,0.229500
2243,0.375000,0.276600,0.229400
2244,0.375000,0.276600,0.229300
2245,0.375000,0.276500,0.229200
2246,0.374900,0.276500,0.229100
2247,0.374900,0.276400,0.229000
2248,0.374900,0.276400,0.228900
2249,0.375000,0.276300,0.228800
2250,0.375000,0.276300,0.228800
2251,0.375100,0.276300,0.228700
2252,0.375200,0.276400,0.228700
2253,0.375300,0.276400,0.228700
2254,0.375400,0.276400,0.228700
2255,0.375500,0.276500,0.228600
2256,0.375600,0.276500,0.228600
2257,0.375700,0.276600,0.228600
2258,0.375800,0.276600,0.228600
2259,0.375900,0.276600,0.228500
2260,0.376000,0.276600,0.228500
2261,0.376100,0.276600,0.228400
2262,0.376100,0.276500,0.228300
2263,0.376100,0.276500,0.228200
2264,0.376100,0.276400,0.228000
2265,0.376100,0.276300,0.227900
2266,0.376100,0.276300,0.227700
2267,0.376000,0.276200,0.227600
2268,0.376000,0.276100,0.227400
2269,0.376000,0.276000,0.227300
2270,0.376000,0.275900,0.227100
2271,0.376000,0.275800,0.227000
2272,0.376000,0.275800,0.226900
2273,0.376000,0.275700,0.226700
2274,0.376000,0.275600,0.226600
2275,0.376100,0.275600,0.226400
2276,0.376100,0.275500,0.226300
2277,0.376100,0.275400,0.226200
2278,0.376100,0.275300,0.226000
2279,0.376000,0.275200,0.225800
2280,0.376000,0.275100,0.225600
2281,0.375900,0.275000,0.225400
2282,0.375900,0.274900,0.225200
2283,0.375800,0.274700,0.225000
2284,0.375700,0.274500,0.224700
2285,0.375600,0.274400,0.224500
2286,0.375500,0.274200,0.224200
2287,0.375400,0.274000,0.224000
2288,0.375200,0.273800,0.223700
2289,0.375100,0.273600,0.223400
2290,0.375000,0.273400,0.223200
2291,0.374900,0.273200,0.222900
2292,0.374800,0.273000,0.222600
2293,0.374700,0.272800,0.222400
2294,0.374600,0.272600,0.222100
2295,0.374500,0.272500,0.221800
2296,0.374400,0.272300,0.221600
2297,0.374300,0.272100,0.221300
2298,0.374200,0.271900,0.221000
2299,0.374100,0.271700,0.220800
2300,0.374000,0.271500,0.220500
2301,0.373900,0.271400,0.220200
2302,0.373800,0.271200,0.220000
2303,0.373700,0.271000,0.219700
2304,0.373700,0.270800,0.219400
2305,0.373600,0.270600,0.219100
2306,0.373500,0.270400,0.218900
2307,0.373400,0.270200,0.218600
2308,0.373300,0.270000,0.218300
2309,0.373100,0.269800,0.218000
2310,0.373000,0.269600,0.217600
2311,0.372900,0.269300,0.217300
2312,0.372700,0.269100,0.217000
2313,0.372500,0.268800,0.216600
2314,0.372300,0.268600,0.216300
2315,0.372100,0.268300,0.215900
2316,0.371900,0.268000,0.215500
2317,0.371700,0.267700,0.215200
2318,0.371500,0.267400,0.214800
2319,0.371300,0.267000,0.214400
2320,0.371000,0.266700,0.213900
2321,0.370700,0.266400,0.213500
2322,0.370500,0.266000,0.213100
2323,0.370200,0.265700,0.212600
2324,0.369900,0.265300,0.212200
2325,0.369600,0.264900,0.211700
2326,0.369300,0.264500,0.211200
2327,0.369000,0.264100,0.210800
2328,0.368700,0.263700,0.210300
2329,0.368300,0.263300,0.209800
2330,0.368000,0.262900,0.209300
2331,0.367700,0.262500,0.208800
2332,0.367300,0.262000,0.208300
2333,0.367000,0.261600,0.207700
2334,0.366700,0.261200,0.207200
2335,0.366300,0.260800,0.206700
2336,0.366000,0.260400,0.206200
2337,0.365700,0.260000,0.205800
2338,0.365500,0.259600,0.205300
2339,0.365200,0.259200,0.204800
2340,0.365000,0.258900,0.204400
2341,0.364800,0.258600,0.204000
2342,0.364600,0.258300,0.203600
2343,0.364500,0.258100,0.203300
2344,0.364400,0.257800,0.202900
2345,0.364300,0.257600,0.202600
2346,0.364200,0.257400,0.202300
2347,0.364100,0.257200,0.201900
2348,0.364100,0.257000,0.201600
2349,0.364000,0.256800,0.201300
2350,0.364000,0.256600,0.201000
2351,0.364000,0.256400,0.200700
2352,0.364000,0.256200,0.200300
2353,0.363900,0.255900,0.200000
2354,0.363900,0.255700,0.199600
2355,0.363900,0.255500,0.199300
2356,0.363900,0.255300,0.198900
2357,0.364000,0.255100,0.198600
2358,0.364000,0.254900,0.198200
2359,0.364000,0.254700,0.197900
2360,0.364000,0.254500,0.197600
2361,0.364000,0.254400,0.197200
2362,0.364000,0.254200,0.196900
2363,0.364100,0.254000,0.196600
2364,0.364100,0.253800,0.196200
2365,0.364100,0.253600,0.195900
2366,0.364100,0.253400,0.195600
2367,0.364100,0.253200,0.195200
2368,0.364100,0.253000,0.194800
2369,0.364000,0.252700,0.194500
2370,0.364000,0.252500,0.194100
2371,0.363900,0.252200,0.193700
2372,0.363900,0.251900,0.193200
2373,0.363800,0.251600,0.192800
2374,0.363700,0.251300,0.192400
2375,0.363600,0.251000,0.191900
2376,0.363400,0.250700,0.191400
2377,0.363300,0.250400,0.191000
2378,0.363200,0.250000,0.190500
2379,0.363100,0.249700,0.190100
2380,0.363000,0.249400,0.189600
2381,0.362900,0.249100,0.189200
2382,0.362800,0.248800,0.188800
2383,0.362700,0.248600,0.188300
2384,0.362700,0.248300,0.187900
2385,0.362600,0.248000,0.187500
2386,0.362500,0.247700,0.187100
2387,0.362400,0.247400,0.186700
2388,0.362300,0.247100,0.186300
2389,0.362100,0.246800,0.185800
2390,0.362000,0.246500,0.185400
2391,0.361800,0.246200,0.185000
2392,0.361700,0.245800,0.184500
2393,0.361400,0.245400,0.184000
2394,0.361200,0.245000,0.183500
2395,0.360900,0.244600,0.183000
2396,0.360600,0.244100,0.182400
2397,0.360300,0.243700,0.181800
2398,0.359900,0.243100,0.181200
2399,0.359500,0.242600,0.180600
2400,0.359000,0.242000,0.179900
